Customer ID,Customer Name,Article Count,Tax,Total Amount,Contract ID,Contract Mode,Product Type,Customer Type,Customer Sub Type,Region,Start Date,End Date
3000057433,M/s Indian Bank,592149,5128771.13,33621872.13,-,-,All,All,All,All Offices,2025-11-01,2025-11-30
3000042033,Seshaasai Technologies Limited,576407,6340494.11,41565454.11,-,-,All,All,All,All Offices,2025-11-01,2025-11-30
3000044891,Central Bank Of India,199817,1690449.08,11081848.08,-,-,All,All,All,All Offices,2025-11-01,2025-11-30
2000011782,EPIC Telanagana Circle,160918,989098.01,6462441.01,-,-,All,All,All,All Offices,2025-11-01,2025-11-30
3000053681,KFIN Technologies Ltd,110095,991899.48,6502480.48,-,-,All,All,All,All Offices,2025-11-01,2025-11-30
2000001687,337-TD PASSPORTS,70360,451371.42,2958980.42,-,-,All,All,All,All Offices,2025-11-01,2025-11-30
5000009103,Indian Overseas Bank - PSD,58071,708455.52,4644301.52,-,-,All,All,All,All Offices,2025-11-01,2025-11-30
2000014074,"MINISTRY OF MICRO,SMALL AND MEDIUM ENTERPRISES",55304,4131660.07,27085219.07,-,-,All,All,All,All Offices,2025-11-01,2025-11-30
1000002954,AMAZON,37225,326124.23,2137864.23,-,-,All,All,All,All Offices,2025-11-01,2025-11-30
1610564338,Returning Officer  O/o the collector  Hyderabad Distict,37139,146449.92,960058.92,-,-,All,All,All,All Offices,2025-11-01,2025-11-30
1561390655,MAKE MAIL EZY,30560,274522.40,1799638.40,-,-,All,All,All,All Offices,2025-11-01,2025-11-30
3000061080,Manipal Payment and Identity Solutions Limited,29004,337170.87,2210349.87,-,-,All,All,All,All Offices,2025-11-01,2025-11-30
5000003020,LIC OF INDIA,28887,209233.76,1371650.76,-,-,All,All,All,All Offices,2025-11-01,2025-11-30
6000016011,Dr B R Ambedkar Open University,26644,560397.59,3673726.59,-,-,All,All,All,All Offices,2025-11-01,2025-11-30
3000042169,1785- INDIAN BANK,23920,270634.06,1774148.06,-,-,All,All,All,All Offices,2025-11-01,2025-11-30
3000042684,Axis Bank Ltd,20372,172493.44,1130780.44,-,-,All,All,All,All Offices,2025-11-01,2025-11-30
6000014672,CCLA Telangana State Technology Ser ltd,20250,155546.12,1019666.12,-,-,All,All,All,All Offices,2025-11-01,2025-11-30
3000042430,SAI SPOORTHI MAILING SERVICES,20034,167863.97,1100449.97,-,-,All,All,All,All Offices,2025-11-01,2025-11-30
3000012687,1216-SHRIRAM LIFE INSURANCE LTD,13499,162848.21,1067536.21,-,-,All,All,All,All Offices,2025-11-01,2025-11-30
3000012241,1563-ICICI BANK LTD,11796,78285.81,513202.81,-,-,All,All,All,All Offices,2025-11-01,2025-11-30
6000004007,948-RTA UPPAL,10424,35950.02,235658.02,-,-,All,All,All,All Offices,2025-11-01,2025-11-30
3000061310,"Shriram Finance Limited, Ashok nagar",9821,92944.11,609313.11,-,-,All,All,All,All Offices,2025-11-01,2025-11-30
5000015816,2168-DCB BANK LTD,9737,88274.17,578643.17,-,-,All,All,All,All Offices,2025-11-01,2025-11-30
1100007926,KASALA ARUN,8761,55878.00,363928.00,-,-,All,All,All,All Offices,2025-11-01,2025-11-30
6000000747,RTO KANDI,8491,65794.11,431340.11,-,-,All,All,All,All Offices,2025-11-01,2025-11-30
1952211758,ZENTECH INNOVATIONS  PRIVATE LIMITED,7970,84311.78,552719.78,-,-,All,All,All,All Offices,2025-11-01,2025-11-30
4000040080,954-RTA MEDCHAL,7902,29342.02,192350.02,-,-,All,All,All,All Offices,2025-11-01,2025-11-30
3000053459,UCO Bank,7883,66866.16,438358.16,-,-,All,All,All,All Offices,2025-11-01,2025-11-30
1350203722,UTI INFRASTRUCTURE TECHNOLOGY AND SERVICES LIMITED,7731,26442.03,173331.03,-,-,All,All,All,All Offices,2025-11-01,2025-11-30
1100008888,Vutkuri Srinivas,7422,53226.00,350024.00,-,-,All,All,All,All Offices,2025-11-01,2025-11-30
6000002123,947-RTA IBRAHIMPATNAM,7327,27940.02,183158.02,-,-,All,All,All,All Offices,2025-11-01,2025-11-30
3000030604,1824-Zentech Innovations pvt ltd,7033,61053.93,400259.93,-,-,All,All,All,All Offices,2025-11-01,2025-11-30
6000002147,DR BRAOU,6968,54706.01,358590.01,-,-,All,All,All,All Offices,2025-11-01,2025-11-30
6000002136,1069-RTA KONDAPUR,6215,21842.01,143203.01,-,-,All,All,All,All Offices,2025-11-01,2025-11-30
6000002162,RTA SOMAJIGUDA,5841,20721.99,135827.99,-,-,All,All,All,All Offices,2025-11-01,2025-11-30
3000025161,ICICI Bank Ltd,5649,47791.94,313294.94,-,-,All,All,All,All Offices,2025-11-01,2025-11-30
3000061299,Shriram Finance HMT HO,4497,44406.00,291103.00,-,-,All,All,All,All Offices,2025-11-01,2025-11-30
6000002088,CONTROLLER OF EXAMINATIONS,4495,38592.00,253012.00,-,-,All,All,All,All Offices,2025-11-01,2025-11-30
3000069877,The Hindu Young World,4176,5622.00,36854.00,-,-,All,All,All,All Offices,2025-11-01,2025-11-30
2000013594,"2296-CEO TELANGANA, EPIC NOTICES",4109,34764.00,227887.00,-,-,All,All,All,All Offices,2025-11-01,2025-11-30
6000002132,952-RTA NAGOLE,4037,14000.00,91755.00,-,-,All,All,All,All Offices,2025-11-01,2025-11-30
6000002161,1110-TS INFORMATION COMMISSION,3972,28056.00,183912.00,-,-,All,All,All,All Offices,2025-11-01,2025-11-30
3000012892,SHRIRAM LIFE INSURANCE CO LT,3840,40643.97,266459.97,-,-,All,All,All,All Offices,2025-11-01,2025-11-30
6000002131,950-RTA THOLICHOWKI,3646,12802.01,83921.01,-,-,All,All,All,All Offices,2025-11-01,2025-11-30
1794963714,TVS SYSTEMS,3527,32815.91,215127.91,-,-,All,All,All,All Offices,2025-11-01,2025-11-30
6000001179,BENJAMIN,3481,26924.01,176497.01,-,-,All,All,All,All Offices,2025-11-01,2025-11-30
3000053861,ZAARA DESIGNER JEWLLERY,3408,27798.00,182253.00,-,-,All,All,All,All Offices,2025-11-01,2025-11-30
1000053259,2199-Monksays Superfoods private Limited,3369,34991.99,229366.99,-,-,All,All,All,All Offices,2025-11-01,2025-11-30
2000002672,1744-AG Office,3361,25977.98,170234.98,-,-,All,All,All,All Offices,2025-11-01,2025-11-30
3000067163,2336-TELANGANA CONTRACTORS CULTURAL CLUB,3234,13477.99,88363.99,-,-,All,All,All,All Offices,2025-11-01,2025-11-30
1100007760,G Rajesh,3224,27498.00,171379.00,-,-,All,All,All,All Offices,2025-11-01,2025-11-30
4002275299,M SRINIVAS REDDY,3141,20188.01,132345.01,-,-,All,All,All,All Offices,2025-11-01,2025-11-30
6000004278,951K-RTA Kukatpally,3087,12538.01,82177.01,-,-,All,All,All,All Offices,2025-11-01,2025-11-30
6000002141,862-DIRECTOR OF EVALUATION JNTU,2974,22664.01,148572.01,-,-,All,All,All,All Offices,2025-11-01,2025-11-30
6000002127,951-RTA THIRUMALAGHEERY,2851,9756.00,63940.00,-,-,All,All,All,All Offices,2025-11-01,2025-11-30
3000065777,MARKANDAYA ENTERPRISES,2729,26326.05,172589.05,-,-,All,All,All,All Offices,2025-11-01,2025-11-30
1470348718,BAIROJU MANICHANDANA,2577,17972.00,109326.00,-,-,All,All,All,All Offices,2025-11-01,2025-11-30
3000046514,M/s India Today (English),2564,3600.01,23604.01,-,-,All,All,All,All Offices,2025-11-01,2025-11-30
1962115361,Malathi Associates,2507,20472.06,134213.06,-,-,All,All,All,All Offices,2025-11-01,2025-11-30
6000001258,RTA MANCHERIAL,2480,18138.01,118911.01,-,-,All,All,All,All Offices,2025-11-01,2025-11-30
5000002955,1636-SBI SME SEC BAD,2469,10863.99,71221.99,-,-,All,All,All,All Offices,2025-11-01,2025-11-30
3000041305,KL Hitech Secure Print Ltd,2457,65397.99,428666.99,-,-,All,All,All,All Offices,2025-11-01,2025-11-30
1000058092,IKON ENTERPRISES,2456,17858.01,117068.01,-,-,All,All,All,All Offices,2025-11-01,2025-11-30
1000057972,PUNNA RAJINI CO ANSHU COLLECTIONS,2455,16003.99,104898.99,-,-,All,All,All,All Offices,2025-11-01,2025-11-30
1100000213,G Kavitha,2249,21236.00,99644.00,-,-,All,All,All,All Offices,2025-11-01,2025-11-30
3000046552,Reader's Digest,2240,2873.98,18841.98,-,-,All,All,All,All Offices,2025-11-01,2025-11-30
2000002564,INDIA GOVT MINT SPMCIL,2185,65489.89,429298.89,-,-,All,All,All,All Offices,2025-11-01,2025-11-30
1100005267,T SANTHOSH KUMAR,2106,16384.00,107582.00,-,-,All,All,All,All Offices,2025-11-01,2025-11-30
1227248915,CISF National Industrial Security Academy,2086,26794.13,175647.13,-,-,All,All,All,All Offices,2025-11-01,2025-11-30
6000000691,ROAD TRANSPORT AUTHORITY,2074,11607.98,76101.98,-,-,All,All,All,All Offices,2025-11-01,2025-11-30
1837899456,PROF G RAM REDDY CENTRE FOR DISTANCE EDUCATION PGRRCDE OSMANIA UNIVERSITY,2035,11655.98,76416.98,-,-,All,All,All,All Offices,2025-11-01,2025-11-30
3000053840,ERUVAAKA,2024,3555.99,23307.99,-,-,All,All,All,All Offices,2025-11-01,2025-11-30
6000002174,REGIONAL PROVIDENT FUND,2016,13533.99,88736.99,-,-,All,All,All,All Offices,2025-11-01,2025-11-30
1171460338,National Statistics Office  Field Operations Division,1999,13836.07,90703.07,-,-,All,All,All,All Offices,2025-11-01,2025-11-30
1100000787,SUNITHA,1974,17674.00,116798.00,-,-,All,All,All,All Offices,2025-11-01,2025-11-30
1000058160,SAKURA ORGANICS,1894,33473.98,219438.98,-,-,All,All,All,All Offices,2025-11-01,2025-11-30
2000010275,MANUU D D E,1758,63205.99,414347.99,-,-,All,All,All,All Offices,2025-11-01,2025-11-30
3000065523,MEDI ASSIST INSURANCE TPA PRIVATE L,1751,6156.01,40349.01,-,-,All,All,All,All Offices,2025-11-01,2025-11-30
6000002158,RTA MALAKPET,1721,5912.00,38761.00,-,-,All,All,All,All Offices,2025-11-01,2025-11-30
3000053753,THE WEEK,1676,2044.00,13404.00,-,-,All,All,All,All Offices,2025-11-01,2025-11-30
3000053953,PJ SHAPU EXPORTS,1669,142464.09,972037.09,-,-,All,All,All,All Offices,2025-11-01,2025-11-30
6000001854,District  Transport Office Mahabubn,1652,11104.01,72788.01,-,-,All,All,All,All Offices,2025-11-01,2025-11-30
1000052587,SRI SAI MARKETING,1610,18948.01,124208.01,-,-,All,All,All,All Offices,2025-11-01,2025-11-30
6000018018,2352-Telangana Medical Council,1590,9332.01,61176.01,-,-,All,All,All,All Offices,2025-11-01,2025-11-30
5000016092,Thg Publishing Private Limited,1588,22612.04,148232.04,-,-,All,All,All,All Offices,2025-11-01,2025-11-30
6000012213,1825-Director of Govt Exams (Outward Mail),1588,11073.99,72577.99,-,-,All,All,All,All Offices,2025-11-01,2025-11-30
6000001196,RTA Warangal Rural,1537,8418.00,55205.00,-,-,All,All,All,All Offices,2025-11-01,2025-11-30
1213744688,FILM NAGAR CULTURAL CENTRE,1509,5766.02,37797.02,-,-,All,All,All,All Offices,2025-11-01,2025-11-30
6000001182,ROAD TRANSPORT AUTHORITY,1486,8912.00,58426.00,-,-,All,All,All,All Offices,2025-11-01,2025-11-30
6000000686,RTA SIDDIPET,1475,10945.99,71758.99,-,-,All,All,All,All Offices,2025-11-01,2025-11-30
6000001194,MVI,1462,6922.00,45376.00,-,-,All,All,All,All Offices,2025-11-01,2025-11-30
3000042562,SBI FIMM RACC,1460,12350.02,80955.02,-,-,All,All,All,All Offices,2025-11-01,2025-11-30
4002211282,SAMA NAGALATHA,1439,16529.99,108349.99,-,-,All,All,All,All Offices,2025-11-01,2025-11-30
3000046663,Champak (English),1430,1998.00,13102.00,-,-,All,All,All,All Offices,2025-11-01,2025-11-30
6000001178,RTA SUYAPET,1429,10527.98,69010.98,-,-,All,All,All,All Offices,2025-11-01,2025-11-30
6000001197,RTA WARANGAL URBAN,1373,6779.99,44458.99,-,-,All,All,All,All Offices,2025-11-01,2025-11-30
3000016758,932-932-ICICILOMBARD,1357,11677.98,76549.98,-,-,All,All,All,All Offices,2025-11-01,2025-11-30
3000049042,Dhyana Jagat,1347,2241.99,14699.99,-,-,All,All,All,All Offices,2025-11-01,2025-11-30
5000012481,"1807-SBI, LHO",1302,8657.99,56754.99,-,-,All,All,All,All Offices,2025-11-01,2025-11-30
6000002182,670-DIRECTOR GENERAL OF POLICE,1231,9504.00,62300.00,-,-,All,All,All,All Offices,2025-11-01,2025-11-30
3000011996,967-ICICI BANK LTD,1210,9592.01,62890.01,-,-,All,All,All,All Offices,2025-11-01,2025-11-30
1120010102,MEDAK DISTRICT ADVOCATES MUTUALLY AIDED CO OP SOCIETY,1193,10956.00,54.00,-,-,All,All,All,All Offices,2025-11-01,2025-11-30
5000001675,BM LIC WARANGAL II,1186,6710.00,44002.00,-,-,All,All,All,All Offices,2025-11-01,2025-11-30
3000054161,Frontline,1178,1944.00,12744.00,-,-,All,All,All,All Offices,2025-11-01,2025-11-30
6000001193,MVI,1177,9183.98,60218.98,-,-,All,All,All,All Offices,2025-11-01,2025-11-30
3000053747,MAYLEEN NUTRICARE PRIVATE LIMITED,1175,47033.95,308308.95,-,-,All,All,All,All Offices,2025-11-01,2025-11-30
6000002150,DIRECTOR AP FORENSIC SCIENCE,1168,7787.99,51048.99,-,-,All,All,All,All Offices,2025-11-01,2025-11-30
3000043701,Kotak Mahindra Prime Limit,1123,5796.00,38006.00,-,-,All,All,All,All Offices,2025-11-01,2025-11-30
3000043013,2078-FASHION HOUSE BY POONAM,1106,14872.50,97472.50,-,-,All,All,All,All Offices,2025-11-01,2025-11-30
3000061311,Shriram Finance HMT R,1092,6989.99,45825.99,-,-,All,All,All,All Offices,2025-11-01,2025-11-30
3000047160,M/s Outlook English,1076,1578.00,10346.00,-,-,All,All,All,All Offices,2025-11-01,2025-11-30
3000063140,THE HINDU ENGLISH WEEKLY,1063,1334.00,8736.00,-,-,All,All,All,All Offices,2025-11-01,2025-11-30
1100008882,PAMULA KISHOR,1052,7094.00,0.00,-,-,All,All,All,All Offices,2025-11-01,2025-11-30
6000002156,DIRECTOR OF MEDICAL EDUCATIO,1032,8258.03,54078.03,-,-,All,All,All,All Offices,2025-11-01,2025-11-30
2000001646,SECURITY PRINTING PRESS,1018,102754.03,673342.03,-,-,All,All,All,All Offices,2025-11-01,2025-11-30
1184992799,Divis Laboratories Limited,999,8374.01,54907.01,-,-,All,All,All,All Offices,2025-11-01,2025-11-30
1000059223,BOMMAKANTI SHIRISHA CO ANSHU JEWEL,996,6498.00,42613.00,-,-,All,All,All,All Offices,2025-11-01,2025-11-30
1000056604,MS RAJU HERBALS,956,11448.00,75043.00,-,-,All,All,All,All Offices,2025-11-01,2025-11-30
6000003070,RTA ADILABAD,938,5708.02,37418.02,-,-,All,All,All,All Offices,2025-11-01,2025-11-30
1100000326,MAHAMMAD KHAJA MOINUDDIN,936,8264.00,43778.00,-,-,All,All,All,All Offices,2025-11-01,2025-11-30
1100005641,KETHAVATH SRINIVAS,912,8260.00,2401.00,-,-,All,All,All,All Offices,2025-11-01,2025-11-30
6000001190,SRINIVAS REDDY,911,6461.99,42362.99,-,-,All,All,All,All Offices,2025-11-01,2025-11-30
2000001670,ECIL,909,20766.00,136099.00,-,-,All,All,All,All Offices,2025-11-01,2025-11-30
6000001259,RTA BHUPALPALLY,907,7672.03,50301.03,-,-,All,All,All,All Offices,2025-11-01,2025-11-30
3000054162,Sportstar,899,1497.99,9819.99,-,-,All,All,All,All Offices,2025-11-01,2025-11-30
5000015090,LIC Narsampet,896,7350.01,48202.01,-,-,All,All,All,All Offices,2025-11-01,2025-11-30
6000014343,1957-M/S INDUSIND BANK LTD,894,6074.00,39837.00,-,-,All,All,All,All Offices,2025-11-01,2025-11-30
1100007035,R.Sudhakar,886,6122.00,37897.00,-,-,All,All,All,All Offices,2025-11-01,2025-11-30
3000042438,STATE BANK OF INDIA,884,7605.99,49860.99,-,-,All,All,All,All Offices,2025-11-01,2025-11-30
3000053492,P F FASHION JEWELLERY,880,7336.01,48086.01,-,-,All,All,All,All Offices,2025-11-01,2025-11-30
6000001198,Controller Of Examinations KU,880,8596.00,56369.00,-,-,All,All,All,All Offices,2025-11-01,2025-11-30
3000042731,2066-FLP TRADING PVT LTD,869,31169.99,204319.99,-,-,All,All,All,All Offices,2025-11-01,2025-11-30
5000002984,460-LIC CITY BRACH-III,861,3704.00,24274.00,-,-,All,All,All,All Offices,2025-11-01,2025-11-30
1000051543,2044-NEW MAX TELESHOPPING,859,13410.00,87905.00,-,-,All,All,All,All Offices,2025-11-01,2025-11-30
2000009812,"1847-Assistant Commissioner, Central Tax, Nagole",849,3104.00,20353.00,-,-,All,All,All,All Offices,2025-11-01,2025-11-30
1933151701,THE ICFAI SOCIETY IUP PUBLICATIONS,844,15241.97,99915.97,-,-,All,All,All,All Offices,2025-11-01,2025-11-30
3000012688,1647-MITHRA AGENCIES,843,3650.01,23923.01,-,-,All,All,All,All Offices,2025-11-01,2025-11-30
6000002157,953-RTA BAHADHURPURA,840,2876.00,18836.00,-,-,All,All,All,All Offices,2025-11-01,2025-11-30
2000005974,1779-Asst.comm. Of GST Jeedimetla DIV,836,2978.00,19517.00,-,-,All,All,All,All Offices,2025-11-01,2025-11-30
3000045578,Dataflow Services I Pvt Lt,815,10445.99,68472.99,-,-,All,All,All,All Offices,2025-11-01,2025-11-30
4002327800,2349-Pra-Jewels,775,5622.00,36848.00,-,-,All,All,All,All Offices,2025-11-01,2025-11-30
3000053503,2249-Heritage Health Insurance TPA pvt ltd,774,4678.00,30669.00,-,-,All,All,All,All Offices,2025-11-01,2025-11-30
2000002786,MANNU,758,26948.09,176636.09,-,-,All,All,All,All Offices,2025-11-01,2025-11-30
6000007977,RTO ASIFABAD,744,6294.03,41262.03,-,-,All,All,All,All Offices,2025-11-01,2025-11-30
5000013923,STATE BANK OF INDIA SMECC CEN,741,3024.00,19815.00,-,-,All,All,All,All Offices,2025-11-01,2025-11-30
6000016823,2273-M/S TELANGANA REAL ESTATE REGULATORY AUTHORITY,732,3576.00,23562.00,-,-,All,All,All,All Offices,2025-11-01,2025-11-30
1000057264,MS MADI REDDY MOUNIKA REDDY,721,9214.01,60414.01,-,-,All,All,All,All Offices,2025-11-01,2025-11-30
3000039300,HYDERABAD EYE INSTITUTE,719,5620.01,36867.01,-,-,All,All,All,All Offices,2025-11-01,2025-11-30
6000000697,RTA Kamareddy,695,5880.00,38545.00,-,-,All,All,All,All Offices,2025-11-01,2025-11-30
2000001674,354A- INCOME TAX,693,5299.99,34754.99,-,-,All,All,All,All Offices,2025-11-01,2025-11-30
6000000699,RTA Nizamabad,686,5686.01,37284.01,-,-,All,All,All,All Offices,2025-11-01,2025-11-30
3000052887,Karnataka Gramin Bank,685,83060.02,544410.02,-,-,All,All,All,All Offices,2025-11-01,2025-11-30
3000054333,TELUGU LAW PUBLICATIONS,679,1100.00,7206.00,-,-,All,All,All,All Offices,2025-11-01,2025-11-30
3000060471,2303-M/s Council for the indian School Certificate Examination,676,6461.99,42368.99,-,-,All,All,All,All Offices,2025-11-01,2025-11-30
3000012078,VARUN MOTORS,658,3080.00,20202.00,-,-,All,All,All,All Offices,2025-11-01,2025-11-30
5000017732,SBI Hyderabad Main Branch,658,2798.00,18344.00,-,-,All,All,All,All Offices,2025-11-01,2025-11-30
2000001605,1076- O/o INCOME TAX,657,4116.00,26994.00,-,-,All,All,All,All Offices,2025-11-01,2025-11-30
3000012044,ICICI Bank LTD,657,5223.99,34239.99,-,-,All,All,All,All Offices,2025-11-01,2025-11-30
2000002688,NFC,653,5282.00,34631.00,-,-,All,All,All,All Offices,2025-11-01,2025-11-30
3000065515,"2325-SBI RBO Region-1, Banjara Hills",648,2340.00,15313.00,-,-,All,All,All,All Offices,2025-11-01,2025-11-30
1407871285,SHRIRAM FINANCE SECUNDERABAD ZONAL,643,3568.00,23391.00,-,-,All,All,All,All Offices,2025-11-01,2025-11-30
2000001659,1584-CUSTOMS COMMISSIONERATE,630,5648.00,37006.00,-,-,All,All,All,All Offices,2025-11-01,2025-11-30
6000002179,RTA ATTAPUR,626,2254.00,14751.00,-,-,All,All,All,All Offices,2025-11-01,2025-11-30
3000066838,Sahrudaya Health Care  Private Limited,622,4872.00,31940.00,-,-,All,All,All,All Offices,2025-11-01,2025-11-30
3000046503,Caravan (English),621,1290.00,8454.00,-,-,All,All,All,All Offices,2025-11-01,2025-11-30
5000001110,LIC OF INDIA,608,4378.01,28710.01,-,-,All,All,All,All Offices,2025-11-01,2025-11-30
3000048210,ACE Engineering Publications,602,28367.98,185977.98,-,-,All,All,All,All Offices,2025-11-01,2025-11-30
1000055757,HERBX ENTERPRISES,596,8517.99,55832.99,-,-,All,All,All,All Offices,2025-11-01,2025-11-30
2000008481,1816-Directorate of Enforcement,593,4718.00,30895.00,-,-,All,All,All,All Offices,2025-11-01,2025-11-30
5000003903,LIC Khammam,587,4966.01,32555.01,-,-,All,All,All,All Offices,2025-11-01,2025-11-30
5000002982,1566-SBI  GACHIBOWLI,581,7404.01,48530.01,-,-,All,All,All,All Offices,2025-11-01,2025-11-30
6000004008,C and DSE,572,5919.99,38783.99,-,-,All,All,All,All Offices,2025-11-01,2025-11-30
2000001650,IT CENTRAL CIRCLE,569,3132.00,20528.00,-,-,All,All,All,All Offices,2025-11-01,2025-11-30
6000001195,MVI,568,4124.01,27040.01,-,-,All,All,All,All Offices,2025-11-01,2025-11-30
6000002163,175-ADMINISTRATIVE STAFF COLLEGE,566,6644.00,43558.00,-,-,All,All,All,All Offices,2025-11-01,2025-11-30
6000000698,RTA Bodhan,564,4772.00,31280.00,-,-,All,All,All,All Offices,2025-11-01,2025-11-30
3000053854,YOU AND & I Sudesh. S. Sudesh. S. S,557,1030.00,6748.00,-,-,All,All,All,All Offices,2025-11-01,2025-11-30
2000002784,854-EPFO,548,2440.00,15983.00,-,-,All,All,All,All Offices,2025-11-01,2025-11-30
3000065731,HARE KRISHNA MOVEMENT HYDERABAD,547,4143.99,27168.99,-,-,All,All,All,All Offices,2025-11-01,2025-11-30
6000000255,RTA MAHABUBABAD,543,4593.98,30114.98,-,-,All,All,All,All Offices,2025-11-01,2025-11-30
3000044371,LIC BO Hanamkonda Branch,541,2828.01,18539.01,-,-,All,All,All,All Offices,2025-11-01,2025-11-30
5000014171,1888-SBI Regional manager,532,2252.00,14766.00,-,-,All,All,All,All Offices,2025-11-01,2025-11-30
3000067796,Avon solutions logistics,531,5660.01,37115.01,-,-,All,All,All,All Offices,2025-11-01,2025-11-30
1000057844,GOWDARABAR NATURAL PRODUCTS PVT LTD,519,12552.02,82310.02,-,-,All,All,All,All Offices,2025-11-01,2025-11-30
5000013132,Hindustan Petroleum Corp Ltd,516,2912.00,19093.00,-,-,All,All,All,All Offices,2025-11-01,2025-11-30
6000002120,CHIEF ENGINEER R D,516,5074.00,33258.00,-,-,All,All,All,All Offices,2025-11-01,2025-11-30
1829060733,vaigha  weaves,512,8006.00,52466.00,-,-,All,All,All,All Offices,2025-11-01,2025-11-30
3000012244,1649-HDFC BANK,512,2994.00,19606.00,-,-,All,All,All,All Offices,2025-11-01,2025-11-30
2000004444,"1767-Asst.comm CT(K), GST Kukatpally Division",511,1846.00,12098.00,-,-,All,All,All,All Offices,2025-11-01,2025-11-30
2000011436,2108-PRCIT (REFAC),507,2094.00,13722.00,-,-,All,All,All,All Offices,2025-11-01,2025-11-30
1000058170,2316-PUNARJEEVANI INDIA PVT LTD COD,504,3806.00,24931.00,-,-,All,All,All,All Offices,2025-11-01,2025-11-30
6000018011,COMM AND DIR OF AGRICULTURE,502,3952.00,25913.00,-,-,All,All,All,All Offices,2025-11-01,2025-11-30
1932014246,Raja sekhar Padavala,501,7962.00,52192.00,-,-,All,All,All,All Offices,2025-11-01,2025-11-30
3000070438,FAMILY HEALTH PLAN INSURANCE TPA LIMITED,494,4248.01,27854.01,-,-,All,All,All,All Offices,2025-11-01,2025-11-30
3000047161,Outlook Money,488,690.00,4522.00,-,-,All,All,All,All Offices,2025-11-01,2025-11-30
6000002143,ICFAI FOUNDATION FOR HIGHER E,485,7172.01,47022.01,-,-,All,All,All,All Offices,2025-11-01,2025-11-30
6000016773,DTO Mulugu,479,4046.00,26531.00,-,-,All,All,All,All Offices,2025-11-01,2025-11-30
1000058376,CHAMUNDESWARI GORENTLA,477,6791.99,44506.99,-,-,All,All,All,All Offices,2025-11-01,2025-11-30
3000035305,HYDERABAD RACE CLUB,476,2534.01,16618.01,-,-,All,All,All,All Offices,2025-11-01,2025-11-30
1679707588,Directorate of  Treasuries and Accounts,472,3036.00,19887.00,-,-,All,All,All,All Offices,2025-11-01,2025-11-30
1207244829,CHANDAN LOGICS LLP,470,8464.00,55462.00,-,-,All,All,All,All Offices,2025-11-01,2025-11-30
1000059264,ASWINI HOMEO AND AYURVEDIC PRODUCTS,454,5538.01,36313.01,-,-,All,All,All,All Offices,2025-11-01,2025-11-30
3000050372,2207-NMDC LIMITED,454,4442.01,29137.01,-,-,All,All,All,All Offices,2025-11-01,2025-11-30
3000034968,1839-Employees Provident Fund,451,2662.00,17464.00,-,-,All,All,All,All Offices,2025-11-01,2025-11-30
6000015642,Joint Director RNTCP,439,30242.09,198258.09,-,-,All,All,All,All Offices,2025-11-01,2025-11-30
6000002769,RTO OFFICE KHAMMAM,439,3716.01,24349.01,-,-,All,All,All,All Offices,2025-11-01,2025-11-30
1000060979,ZERO HARM SCIENCES PRIVATE LIMITED,438,8555.77,56095.77,-,-,All,All,All,All Offices,2025-11-01,2025-11-30
6000000327,DISTRICT TRANSPORT OFFICER,437,3186.00,20875.00,-,-,All,All,All,All Offices,2025-11-01,2025-11-30
1000056157,DR ENTERPRISES,432,10681.99,70016.99,-,-,All,All,All,All Offices,2025-11-01,2025-11-30
4002242051,SAI ROSHNI CAPITAL PRIVATE LIMITED,431,3626.01,23769.01,-,-,All,All,All,All Offices,2025-11-01,2025-11-30
6000001855,District Transport Office Gadwal,427,4381.99,28720.99,-,-,All,All,All,All Offices,2025-11-01,2025-11-30
1117772159,Amjad Ali Mohammed,425,4322.00,28347.00,-,-,All,All,All,All Offices,2025-11-01,2025-11-30
3000012737,KENDRIYA VIDYALAYA SANGATHAN,420,3544.00,23206.00,-,-,All,All,All,All Offices,2025-11-01,2025-11-30
3000049519,Girdhari,419,624.00,4090.00,-,-,All,All,All,All Offices,2025-11-01,2025-11-30
6000001183,ROAD TRANSPORT AUTHORITY,419,3545.99,23238.99,-,-,All,All,All,All Offices,2025-11-01,2025-11-30
5000000979,Kaloji Health university,407,4246.01,27833.01,-,-,All,All,All,All Offices,2025-11-01,2025-11-30
3000012699,HOMEOCARE INTERNATIONAL PVT,406,4261.99,27943.99,-,-,All,All,All,All Offices,2025-11-01,2025-11-30
2000014387,ORDNANCE FACTORY MEDAK (AVNL),404,3835.99,25143.99,-,-,All,All,All,All Offices,2025-11-01,2025-11-30
3000037659,1899-IFFCO TOKIO GIC LTD,402,2820.00,18484.00,-,-,All,All,All,All Offices,2025-11-01,2025-11-30
1643026968,Affordable Organics,399,3578.00,23472.00,-,-,All,All,All,All Offices,2025-11-01,2025-11-30
5000002956,1537-state bank of india,397,2304.00,15099.00,-,-,All,All,All,All Offices,2025-11-01,2025-11-30
3000070177,Hamstech Online service Private Limited,396,4813.99,31557.99,-,-,All,All,All,All Offices,2025-11-01,2025-11-30
2000004443,1765-Dy Comm GST Uppal,394,1578.00,10333.00,-,-,All,All,All,All Offices,2025-11-01,2025-11-30
4002089778,Gantasala Ravali,393,4116.00,26991.00,-,-,All,All,All,All Offices,2025-11-01,2025-11-30
1000054485,KESAN NOVUS,391,2950.00,19310.00,-,-,All,All,All,All Offices,2025-11-01,2025-11-30
5000018365,EPFO-RO-Banjara Hills,388,1766.00,11574.00,-,-,All,All,All,All Offices,2025-11-01,2025-11-30
2000001691,1505-SERVICE TAX,381,1432.00,9390.00,-,-,All,All,All,All Offices,2025-11-01,2025-11-30
1472506202,K RAVI KIRAN,377,3152.00,20659.00,-,-,All,All,All,All Offices,2025-11-01,2025-11-30
3000061606,RADIANT CASH MANAGEMENT,376,3224.00,21134.00,-,-,All,All,All,All Offices,2025-11-01,2025-11-30
5000002980,1086-BHARATH DYNAMIC LTD,375,2642.00,17345.00,-,-,All,All,All,All Offices,2025-11-01,2025-11-30
3000066180,2330-SBI RACPC LB NAGAR,374,1534.00,10070.00,-,-,All,All,All,All Offices,2025-11-01,2025-11-30
2000001643,1522-OFFICE OF REGIONAL DIRECTOR,373,2832.00,18561.00,-,-,All,All,All,All Offices,2025-11-01,2025-11-30
6000000742,ROAD TRANSPORT AUTHORITY,372,3147.99,20631.99,-,-,All,All,All,All Offices,2025-11-01,2025-11-30
1229988048,2362-Express Publications Madurai Pvt Ltd,366,2448.00,16035.00,-,-,All,All,All,All Offices,2025-11-01,2025-11-30
1570448021,Jubilee Hills International Centre,366,1631.99,10695.99,-,-,All,All,All,All Offices,2025-11-01,2025-11-30
3000047098,Outlook Business,357,964.00,6316.00,-,-,All,All,All,All Offices,2025-11-01,2025-11-30
5000012358,SBI REGION,355,1352.00,8859.00,-,-,All,All,All,All Offices,2025-11-01,2025-11-30
3000012701,1678-CESTAT,354,2330.00,15269.00,-,-,All,All,All,All Offices,2025-11-01,2025-11-30
4000040106,Venture Capital and Corporate Investments Pvt Ltd.,353,2892.00,18965.00,-,-,All,All,All,All Offices,2025-11-01,2025-11-30
3000052487,Unified Council Educational Service,351,9046.00,59276.00,-,-,All,All,All,All Offices,2025-11-01,2025-11-30
6000001310,RTA Jangaon,350,2944.01,19310.01,-,-,All,All,All,All Offices,2025-11-01,2025-11-30
3000046665,Champak (Hindi),346,506.00,3322.00,-,-,All,All,All,All Offices,2025-11-01,2025-11-30
4002069569,2311-K GOUTAMI- SRI VINAYAKA COLLECTIONS,343,3922.00,25712.00,-,-,All,All,All,All Offices,2025-11-01,2025-11-30
3000065886,Dreamy Designs,340,2062.00,13523.00,-,-,All,All,All,All Offices,2025-11-01,2025-11-30
5000003063,1532-Indian Oil Corp Ltd,339,4240.00,27793.00,-,-,All,All,All,All Offices,2025-11-01,2025-11-30
2000009125,Bihar CEO,338,2828.00,18744.00,-,-,All,All,All,All Offices,2025-11-01,2025-11-30
2000001654,COMMISSIONER OF CENTRAL EXCISE,333,2166.00,14192.00,-,-,All,All,All,All Offices,2025-11-01,2025-11-30
1000059486,BATHULA MADHURI CO MAGUVA COLLECTI,330,2248.00,14738.00,-,-,All,All,All,All Offices,2025-11-01,2025-11-30
2000001680,ASST COMM P  AND V CUSTOMS A GST,329,1474.00,9664.00,-,-,All,All,All,All Offices,2025-11-01,2025-11-30
6000000746,EPFO,328,2760.00,18070.00,-,-,All,All,All,All Offices,2025-11-01,2025-11-30
2000011482,2111-GST BANJARAHILLS DIVISION,328,1186.00,7772.00,-,-,All,All,All,All Offices,2025-11-01,2025-11-30
2000005973,ASST COMM OF GST MEDCHAL DN,328,1574.00,10332.00,-,-,All,All,All,All Offices,2025-11-01,2025-11-30
1634671503,MEDA VIJAYA SANTHI,324,5176.00,33939.00,-,-,All,All,All,All Offices,2025-11-01,2025-11-30
2000002721,1572-CGHS,323,2766.00,18145.00,-,-,All,All,All,All Offices,2025-11-01,2025-11-30
1000057594,SRI GANESHA ENTERPRISES,323,5824.00,38184.00,-,-,All,All,All,All Offices,2025-11-01,2025-11-30
1944651296,Inder S Sahil,322,1852.00,12142.00,-,-,All,All,All,All Offices,2025-11-01,2025-11-30
3000049219,Perfect Management Services,321,3279.99,21493.99,-,-,All,All,All,All Offices,2025-11-01,2025-11-30
6000002175,774-COMMISSIONER OF CENTRAL EXCISE,321,1856.00,12147.00,-,-,All,All,All,All Offices,2025-11-01,2025-11-30
1100006978,D. Amarnath,319,1862.00,10887.00,-,-,All,All,All,All Offices,2025-11-01,2025-11-30
1000053326,2202-SUPRACYN PRIVATE LIMITED,315,3740.00,24505.00,-,-,All,All,All,All Offices,2025-11-01,2025-11-30
2000001665,129-N R S C,313,3562.00,23351.00,-,-,All,All,All,All Offices,2025-11-01,2025-11-30
3000058679,Hinduja Leyland Finance Ltd,310,20112.00,131877.00,-,-,All,All,All,All Offices,2025-11-01,2025-11-30
1000056867,LEE HEALTH DOMAIN INDIA PRIVATE LIM,308,2980.00,19530.00,-,-,All,All,All,All Offices,2025-11-01,2025-11-30
2000001644,871-CUSTOMS & CENTRAL EXCISE/GST SECUNDERABAD COMM,307,1522.00,9960.00,-,-,All,All,All,All Offices,2025-11-01,2025-11-30
1443029682,Abdul Qader  Bhudani,302,6894.00,45160.00,-,-,All,All,All,All Offices,2025-11-01,2025-11-30
5000015485,2125-LIC CITY BR-20,302,1404.00,9200.00,-,-,All,All,All,All Offices,2025-11-01,2025-11-30
3000044016,595 Equitas Small Finance Bank,295,2206.00,14448.00,-,-,All,All,All,All Offices,2025-11-01,2025-11-30
1709725541,AKRITI OPHTHALMIC,294,12334.02,80861.02,-,-,All,All,All,All Offices,2025-11-01,2025-11-30
6000002768,SUPDT OF POLICE KHAMMAM,292,2538.01,16643.01,-,-,All,All,All,All Offices,2025-11-01,2025-11-30
3000070517,SRI LAXMI COLLECTIONS,289,3017.99,19767.99,-,-,All,All,All,All Offices,2025-11-01,2025-11-30
4002084630,KOLA SRIKANTH,288,2670.00,17505.00,-,-,All,All,All,All Offices,2025-11-01,2025-11-30
2000004836,1771-Astt.comm Malkajgiri Div GST,286,996.00,6551.00,-,-,All,All,All,All Offices,2025-11-01,2025-11-30
3000065091,Doctutorials Edutech Private Limited,276,14680.00,96224.00,-,-,All,All,All,All Offices,2025-11-01,2025-11-30
1000054030,SHIPROCKET LIMITED,275,4110.00,26987.00,-,-,All,All,All,All Offices,2025-11-01,2025-11-30
3000055137,JAGRITI TELUGU WEEKLY,274,410.00,2670.00,-,-,All,All,All,All Offices,2025-11-01,2025-11-30
2000001681,1742-CUSTOMS AND GST APPEALS II COM,274,1392.00,9137.00,-,-,All,All,All,All Offices,2025-11-01,2025-11-30
3000063379,"2312-BANK OF BARODA, MARREDPALLY",273,984.00,6451.00,-,-,All,All,All,All Offices,2025-11-01,2025-11-30
4001634338,2251-Lotus Law Associates,271,1688.00,11069.00,-,-,All,All,All,All Offices,2025-11-01,2025-11-30
1719632319,ALOK RAJ  SAKSENA,271,1480.00,9703.00,-,-,All,All,All,All Offices,2025-11-01,2025-11-30
4001690303,BATTULA SANDHYA,269,5688.00,37292.00,-,-,All,All,All,All Offices,2025-11-01,2025-11-30
5000015910,ECGC LTD HYDERABAD,268,1176.00,7719.00,-,-,All,All,All,All Offices,2025-11-01,2025-11-30
2000008543,1817-GSI Bandlaguda,267,3254.00,21324.00,-,-,All,All,All,All Offices,2025-11-01,2025-11-30
2000004442,ASST COMM CENTRAL TAX CE ST,262,2176.00,14261.00,-,-,All,All,All,All Offices,2025-11-01,2025-11-30
4002279721,Aarthi Consultants Pvt Ltd,262,2384.00,15622.00,-,-,All,All,All,All Offices,2025-11-01,2025-11-30
5000014290,"1910-SBI,RBO,Himayathnagar",262,1008.00,6598.00,-,-,All,All,All,All Offices,2025-11-01,2025-11-30
1000050660,1918-cash cow augmentation systems,258,2794.00,18299.00,-,-,All,All,All,All Offices,2025-11-01,2025-11-30
2000001677,1561-CCE AND ST,256,1414.00,9283.00,-,-,All,All,All,All Offices,2025-11-01,2025-11-30
1000054913,SAMRAKSHA TRADERS,242,4950.00,32405.00,-,-,All,All,All,All Offices,2025-11-01,2025-11-30
1100000324,Nageswharrao,241,1762.00,10689.00,-,-,All,All,All,All Offices,2025-11-01,2025-11-30
1000056929,NADELLA VENKAT CHAITANYA,240,1490.00,9790.00,-,-,All,All,All,All Offices,2025-11-01,2025-11-30
3000047157,National Herald on Sunday,238,408.00,2684.00,-,-,All,All,All,All Offices,2025-11-01,2025-11-30
1352872334,pentam srinivasa rao,238,2066.00,13536.00,-,-,All,All,All,All Offices,2025-11-01,2025-11-30
3000063664,Edutracks,237,416.00,2730.00,-,-,All,All,All,All Offices,2025-11-01,2025-11-30
1000159712,CHANDER RAO VUTUKURU SITARAM,237,20216.00,132506.00,-,-,All,All,All,All Offices,2025-11-01,2025-11-30
2000001645,354Q-CIT TDS RANGE 14 COMMISSIONER,237,1678.00,11023.00,-,-,All,All,All,All Offices,2025-11-01,2025-11-30
6000011813,1812-Board of Intermediate Education,234,1278.00,8376.00,-,-,All,All,All,All Offices,2025-11-01,2025-11-30
2000009522,1837-O/o FA & CAO (Traffic),232,2070.00,13561.00,-,-,All,All,All,All Offices,2025-11-01,2025-11-30
2000008173,1804-Central Forensic Science Laboratory,232,2162.00,14185.00,-,-,All,All,All,All Offices,2025-11-01,2025-11-30
1335675181,ANKITHA RAVU,231,2740.00,17945.00,-,-,All,All,All,All Offices,2025-11-01,2025-11-30
3000056834,PINK BLUEEE,231,1582.00,10362.00,-,-,All,All,All,All Offices,2025-11-01,2025-11-30
1000057739,NALLA MALLA REDDY PUBLICATIONS PVT,226,3658.00,24007.00,-,-,All,All,All,All Offices,2025-11-01,2025-11-30
3000008500,MAHATAMA GANDHI UNIVERSITY,225,2042.00,13381.00,-,-,All,All,All,All Offices,2025-11-01,2025-11-30
1000060978,AYUSH DESIGNS,225,1618.00,10588.00,-,-,All,All,All,All Offices,2025-11-01,2025-11-30
6000015772,"2172-THE CEO, TELANGANA STATE WAQF BOARD",220,1316.00,8647.00,-,-,All,All,All,All Offices,2025-11-01,2025-11-30
5000016424,UNITED INDIA INSURANCE CO.LTD,220,1646.00,10782.00,-,-,All,All,All,All Offices,2025-11-01,2025-11-30
1428676046,Venkateshwar Rao,219,1886.00,12412.00,-,-,All,All,All,All Offices,2025-11-01,2025-11-30
3000047755,2176-RAMAKRISHNA MATH,219,3412.00,22371.00,-,-,All,All,All,All Offices,2025-11-01,2025-11-30
3000059238,VK JEWELERY,219,1548.00,10163.00,-,-,All,All,All,All Offices,2025-11-01,2025-11-30
3000056042,SIRI ENTERPRISES,215,1758.00,11517.00,-,-,All,All,All,All Offices,2025-11-01,2025-11-30
6000002151,1598-DC OF COMMUNICATION ACCONTS,213,1308.00,8595.00,-,-,All,All,All,All Offices,2025-11-01,2025-11-30
3000050768,RK Collections,213,3334.00,21839.00,-,-,All,All,All,All Offices,2025-11-01,2025-11-30
5000005523,456-LIC CITY BRANCH 1,213,826.00,5423.00,-,-,All,All,All,All Offices,2025-11-01,2025-11-30
3000038300,Vodafone Idea Ltd,212,3526.01,23118.01,-,-,All,All,All,All Offices,2025-11-01,2025-11-30
4002338706,LAXMI COLLECTIONS,212,1706.00,11176.00,-,-,All,All,All,All Offices,2025-11-01,2025-11-30
5000000539,HAL HYDERABAD,210,2510.00,16451.00,-,-,All,All,All,All Offices,2025-11-01,2025-11-30
5000014883,2043-State Bank OF India,209,1896.01,12409.01,-,-,All,All,All,All Offices,2025-11-01,2025-11-30
5000003018,1732-SBI PATNY,209,1278.00,8383.00,-,-,All,All,All,All Offices,2025-11-01,2025-11-30
2000001692,1654-PR CIT 2,209,1276.00,8359.00,-,-,All,All,All,All Offices,2025-11-01,2025-11-30
3000012705,1652-Generali Central Insurance Co Ltd,205,1834.00,12034.00,-,-,All,All,All,All Offices,2025-11-01,2025-11-30
3000061605,RADIANT CASH MANAGEMENT,205,4780.01,31333.01,-,-,All,All,All,All Offices,2025-11-01,2025-11-30
2000012147,YOJANA TELUGU,205,344.00,2254.00,-,-,All,All,All,All Offices,2025-11-01,2025-11-30
5000005521,MIDHANI,204,2192.00,14369.00,-,-,All,All,All,All Offices,2025-11-01,2025-11-30
6000002121,1657-IRDAI,203,1846.00,12068.00,-,-,All,All,All,All Offices,2025-11-01,2025-11-30
6000000700,RTA Armoor,202,1576.00,10342.00,-,-,All,All,All,All Offices,2025-11-01,2025-11-30
3000028210,AU Small Finance Bank Ltd.,201,2074.00,13590.00,-,-,All,All,All,All Offices,2025-11-01,2025-11-30
1830499371,KOMAL COLLECTION OF BLOUSES,200,1660.00,10890.00,-,-,All,All,All,All Offices,2025-11-01,2025-11-30
5000013924,"1853-State Bank of India, LCPC",199,1810.31,11840.31,-,-,All,All,All,All Offices,2025-11-01,2025-11-30
3000044755,2119-ABHISHEK PRODUCTS,198,7623.99,49968.99,-,-,All,All,All,All Offices,2025-11-01,2025-11-30
3000043363,Telangana Grameena Bank,198,2262.00,14844.00,-,-,All,All,All,All Offices,2025-11-01,2025-11-30
2000001607,DG OF CENTRAL EXCISE,197,1310.00,8572.00,-,-,All,All,All,All Offices,2025-11-01,2025-11-30
1261943926,VASUPRADA CHITS  PRIVATE LIMITED,197,1162.00,7631.00,-,-,All,All,All,All Offices,2025-11-01,2025-11-30
1525065599,Multimate Tie-up Pvt Ltd,197,10464.06,68594.06,-,-,All,All,All,All Offices,2025-11-01,2025-11-30
3000053892,SRI RAMAKRISHNA PRABHA,197,308.00,2022.00,-,-,All,All,All,All Offices,2025-11-01,2025-11-30
1324755116,Jagannad  Guptha,193,1258.00,8238.00,-,-,All,All,All,All Offices,2025-11-01,2025-11-30
2000013363,Falaknuma GST Division,193,702.00,4600.00,-,-,All,All,All,All Offices,2025-11-01,2025-11-30
2000000516,Employees provident,190,1532.00,10059.00,-,-,All,All,All,All Offices,2025-11-01,2025-11-30
3000038918,SRI SATYA JYOTHI AGRO FOODS,188,1752.00,11502.00,-,-,All,All,All,All Offices,2025-11-01,2025-11-30
2000011841,2161-SHAMSHABAD GST DIVISION,188,752.00,4932.00,-,-,All,All,All,All Offices,2025-11-01,2025-11-30
2000010015,1863-Govt. Medical Store Department,187,1806.00,11859.00,-,-,All,All,All,All Offices,2025-11-01,2025-11-30
6000000328,MOTOR VEHICLE INSPECTOR,186,1330.00,8728.00,-,-,All,All,All,All Offices,2025-11-01,2025-11-30
6000011595,SBTET,185,1682.00,11031.00,-,-,All,All,All,All Offices,2025-11-01,2025-11-30
5000016125,2200-Hindustan Petroleum Corporation Limited,183,1594.00,10480.00,-,-,All,All,All,All Offices,2025-11-01,2025-11-30
6000002171,ALL INDIA RADIO,182,1042.75,6829.75,-,-,All,All,All,All Offices,2025-11-01,2025-11-30
3000051074,KAKANI EDU MEDIA PVT LTD,181,3432.00,22494.00,-,-,All,All,All,All Offices,2025-11-01,2025-11-30
3000046703,Highlights Champs(English),181,248.00,1630.00,-,-,All,All,All,All Offices,2025-11-01,2025-11-30
6000002177,1088-PLANNING COMISSION(UIDAI),181,1426.00,9356.00,-,-,All,All,All,All Offices,2025-11-01,2025-11-30
3000063003,PKL Limited,177,12584.00,82493.00,-,-,All,All,All,All Offices,2025-11-01,2025-11-30
2000001663,211-DLRL,176,1570.00,10297.00,-,-,All,All,All,All Offices,2025-11-01,2025-11-30
5000002979,464-LIC OF INDIA CITY BRANCH IX,176,694.00,4541.00,-,-,All,All,All,All Offices,2025-11-01,2025-11-30
2000001937,INCOME TAX KOTHAGUDEM,174,1330.00,8712.00,-,-,All,All,All,All Offices,2025-11-01,2025-11-30
2000001657,354E-IT EXEMPTIONS,174,1362.00,8932.00,-,-,All,All,All,All Offices,2025-11-01,2025-11-30
3000050620,THE GIDEONS INTERNATIONAL IN INDIA,173,7919.99,51905.99,-,-,All,All,All,All Offices,2025-11-01,2025-11-30
5000003061,"453 - LIC OF INDIA, MUSHEERABAD",171,718.00,4705.00,-,-,All,All,All,All Offices,2025-11-01,2025-11-30
2000010065,Indian Drugs and Pharmaceuticals Limited,171,640.00,4197.00,-,-,All,All,All,All Offices,2025-11-01,2025-11-30
2000001649,783-CENTRAL BOARD OF DIRECT TAXES,170,1974.00,12929.00,-,-,All,All,All,All Offices,2025-11-01,2025-11-30
6000002165,925-IICT,168,2152.00,14069.00,-,-,All,All,All,All Offices,2025-11-01,2025-11-30
1839180264,University of Hyderabad CDVL,166,1166.00,7652.00,-,-,All,All,All,All Offices,2025-11-01,2025-11-30
1000056969,M.SUNITHA,166,1350.00,8850.00,-,-,All,All,All,All Offices,2025-11-01,2025-11-30
5000018000,"2322-SBI, RP Road",166,922.00,6014.00,-,-,All,All,All,All Offices,2025-11-01,2025-11-30
5000003902,LIC SATHUPALLI,165,1396.00,9151.00,-,-,All,All,All,All Offices,2025-11-01,2025-11-30
5000015649,INDIAN RAILWAY CATERING  TOURISM CORPN LTD,165,1282.00,8407.00,-,-,All,All,All,All Offices,2025-11-01,2025-11-30
2000001606,1736-OFFICE OF COMMM OF CENTRAL TAX,165,942.00,6189.00,-,-,All,All,All,All Offices,2025-11-01,2025-11-30
2000012640,2213-Ameerpet (GST Division),164,572.00,3769.00,-,-,All,All,All,All Offices,2025-11-01,2025-11-30
3000067691,CREATIONS OVERSEAS,163,3398.00,22278.00,-,-,All,All,All,All Offices,2025-11-01,2025-11-30
2000002675,NIPHM,162,2816.00,18464.00,-,-,All,All,All,All Offices,2025-11-01,2025-11-30
2000010956,2050-Commissioner of Income tax(IT&TP),162,3392.00,22241.00,-,-,All,All,All,All Offices,2025-11-01,2025-11-30
3000066257,BCCA EDUCATIONAL SERVICES PVT LTD,161,3020.00,19788.00,-,-,All,All,All,All Offices,2025-11-01,2025-11-30
1000052969,DR ENTERPRISES,161,5208.00,34137.00,-,-,All,All,All,All Offices,2025-11-01,2025-11-30
1932992970,SBI LHO Amaravathi,160,1404.00,9210.00,-,-,All,All,All,All Offices,2025-11-01,2025-11-30
2000002885,INCOME TAX,151,636.00,4174.00,-,-,All,All,All,All Offices,2025-11-01,2025-11-30
6000002139,SERP,151,1114.00,7296.00,-,-,All,All,All,All Offices,2025-11-01,2025-11-30
1221219572,RR Handlooms,150,1430.00,9222.00,-,-,All,All,All,All Offices,2025-11-01,2025-11-30
3000069522,RANKGURU TECHNOLOGY,149,5436.01,35626.01,-,-,All,All,All,All Offices,2025-11-01,2025-11-30
3000059110,2297-GOLDEN COLLECTIONS,149,2990.00,19590.00,-,-,All,All,All,All Offices,2025-11-01,2025-11-30
3000012667,AXIS BANK BEGUMPET,147,924.00,6073.00,-,-,All,All,All,All Offices,2025-11-01,2025-11-30
6000002159,889-OFFICE OF THE REGISTRAR OF COM,147,1008.00,6591.00,-,-,All,All,All,All Offices,2025-11-01,2025-11-30
3000068421,NEW ENERGY CREATINKK LLP,147,2362.00,15481.00,-,-,All,All,All,All Offices,2025-11-01,2025-11-30
2000002161,The Deputy Commissioner of Income T,147,1128.00,7393.00,-,-,All,All,All,All Offices,2025-11-01,2025-11-30
1100008020,R Venkata Ramana,146,898.00,5604.00,-,-,All,All,All,All Offices,2025-11-01,2025-11-30
3000069109,AIKYA FOUNDATION,144,1058.00,6933.00,-,-,All,All,All,All Offices,2025-11-01,2025-11-30
2000001651,INCOME TAX BB,144,660.00,4346.00,-,-,All,All,All,All Offices,2025-11-01,2025-11-30
1000054029,SHIPROCKET LIMITED,143,3276.00,21565.00,-,-,All,All,All,All Offices,2025-11-01,2025-11-30
3000065514,SBI NRI HYDERABAD BRANCH,142,956.00,6262.00,-,-,All,All,All,All Offices,2025-11-01,2025-11-30
2000014380,"2329-Asst Commissioner Central Tax, AMBERPET GST Division",142,492.00,3220.00,-,-,All,All,All,All Offices,2025-11-01,2025-11-30
1756189560,Sree Chandana Sasanala,142,1326.00,8868.00,-,-,All,All,All,All Offices,2025-11-01,2025-11-30
2000014253,Central Drugs Standard Contr,141,1264.00,8305.00,-,-,All,All,All,All Offices,2025-11-01,2025-11-30
2000014634,FSSAI-Chennai,141,870.00,5698.00,-,-,All,All,All,All Offices,2025-11-01,2025-11-30
2000001667,AFLE,140,34271.97,224666.97,-,-,All,All,All,All Offices,2025-11-01,2025-11-30
2000000837,INCOME TAX OFFICE,140,1264.00,8294.00,-,-,All,All,All,All Offices,2025-11-01,2025-11-30
2000001660,1694-CCEST,139,820.00,5379.00,-,-,All,All,All,All Offices,2025-11-01,2025-11-30
6000015283,2121-TELANGANA STATE DENTAL COUNCIL,139,814.00,5343.00,-,-,All,All,All,All Offices,2025-11-01,2025-11-30
3000040506,2000-RKS motor pvt ltd,138,608.00,3986.00,-,-,All,All,All,All Offices,2025-11-01,2025-11-30
1538677941,Income Tax Appellate Tribunal Hyderabad,137,794.00,5202.00,-,-,All,All,All,All Offices,2025-11-01,2025-11-30
3000070813,I rise Publishers,135,2280.00,14950.00,-,-,All,All,All,All Offices,2025-11-01,2025-11-30
5000005359,LIC OF INDIA MEHDIPATNAM,134,636.00,4175.00,-,-,All,All,All,All Offices,2025-11-01,2025-11-30
2000011124,2083-INDIAN OIL CORPORATION LIMITED,132,1132.00,7432.00,-,-,All,All,All,All Offices,2025-11-01,2025-11-30
3000070473,IDBI BANK LIMITED,132,1102.00,7229.00,-,-,All,All,All,All Offices,2025-11-01,2025-11-30
3000053210,2244-KALYANI MOTORS PVT LTD,131,628.00,4100.00,-,-,All,All,All,All Offices,2025-11-01,2025-11-30
5000016522,2236-STATE BANK OF INDIA ADMINISTRATIVE OFFICE,130,648.00,4260.00,-,-,All,All,All,All Offices,2025-11-01,2025-11-30
6000002167,Telangana State Tourism Develpoment Corporation,130,752.00,4920.00,-,-,All,All,All,All Offices,2025-11-01,2025-11-30
3000012150,1520-STATE BANK OF INDIA,129,18029.98,118198.98,-,-,All,All,All,All Offices,2025-11-01,2025-11-30
3000051666,2221-SRI VINAYAKA ADS,129,4595.99,30124.99,-,-,All,All,All,All Offices,2025-11-01,2025-11-30
5000002954,127-POWERGRID CORPORATION OF INDIA,128,1312.00,8590.00,-,-,All,All,All,All Offices,2025-11-01,2025-11-30
3000060874,BSG GARMENTS,127,1538.00,10078.00,-,-,All,All,All,All Offices,2025-11-01,2025-11-30
3000053559,HAPPY HERBALS,124,1288.00,8448.00,-,-,All,All,All,All Offices,2025-11-01,2025-11-30
5000016330,National Fisheries Development Board,123,1026.00,6725.00,-,-,All,All,All,All Offices,2025-11-01,2025-11-30
3000068827,LAASYA REDDY YALAKA,122,802.00,5262.00,-,-,All,All,All,All Offices,2025-11-01,2025-11-30
3000065595,CUSTOMIZED DUNIYA,122,2578.00,16893.00,-,-,All,All,All,All Offices,2025-11-01,2025-11-30
3000054420,DEPUTY COMMISSINER OF CENTRAL TAX,120,750.00,4886.00,-,-,All,All,All,All Offices,2025-11-01,2025-11-30
5000002978,LIC OF INDIA BASHEERBAGH,120,526.00,3456.00,-,-,All,All,All,All Offices,2025-11-01,2025-11-30
3000012730,1017-1017 CCMB,119,1540.00,10090.00,-,-,All,All,All,All Offices,2025-11-01,2025-11-30
1796280878,Dhan Raj P,119,958.00,6282.00,-,-,All,All,All,All Offices,2025-11-01,2025-11-30
1653322908,Acchamga Telugu Publications,119,1158.00,7586.00,-,-,All,All,All,All Offices,2025-11-01,2025-11-30
4000395158,UPSC- 207 SPL,118,5547.99,36452.99,-,-,All,All,All,All Offices,2025-11-01,2025-11-30
2000010874,2031-Pr commissioner of Income Tax-1,118,606.00,3983.00,-,-,All,All,All,All Offices,2025-11-01,2025-11-30
6000002176,673-DG OF FORENGIN TRADE,118,690.00,4525.00,-,-,All,All,All,All Offices,2025-11-01,2025-11-30
1000059753,2339 - M/S JINNARAM SHOBHA RANI,114,740.00,4855.00,-,-,All,All,All,All Offices,2025-11-01,2025-11-30
3000062867,CH Venkata Ramana Rao,113,712.00,4664.00,-,-,All,All,All,All Offices,2025-11-01,2025-11-30
2000002785,325-NIRD,113,3964.01,26003.01,-,-,All,All,All,All Offices,2025-11-01,2025-11-30
1459643906,Dean ESIC MEDICAL COLLEGE HOSPITAL,113,7734.01,50710.01,-,-,All,All,All,All Offices,2025-11-01,2025-11-30
5000013229,SBI Commercial Branch,113,750.00,4932.00,-,-,All,All,All,All Offices,2025-11-01,2025-11-30
3000054398,REGIONAL FORENSIC SCIENCE LAB,113,788.00,5180.00,-,-,All,All,All,All Offices,2025-11-01,2025-11-30
2000012352,Bureau of Indian Standards,112,5865.99,38455.99,-,-,All,All,All,All Offices,2025-11-01,2025-11-30
1252358710,Madhavi V,111,1178.00,7713.00,-,-,All,All,All,All Offices,2025-11-01,2025-11-30
3000035033,PRANIDHI VETERINARY DIAGNO,111,1176.00,7701.00,-,-,All,All,All,All Offices,2025-11-01,2025-11-30
1339525637,Hymavathi G,111,1066.00,6614.00,-,-,All,All,All,All Offices,2025-11-01,2025-11-30
5000001596,REGIONAL BUSINESS OFFICE SBI NALGON,111,1196.00,7844.00,-,-,All,All,All,All Offices,2025-11-01,2025-11-30
6000001858,RTO Pebbair,109,922.00,6045.00,-,-,All,All,All,All Offices,2025-11-01,2025-11-30
4002369298,SAANVI TRENDZ,109,866.00,5681.00,-,-,All,All,All,All Offices,2025-11-01,2025-11-30
2000006472,1781-BUREAU OF Indian Standards,109,1628.00,10673.00,-,-,All,All,All,All Offices,2025-11-01,2025-11-30
1000059288,BINGI BHANUPRIYA,108,1496.00,9806.00,-,-,All,All,All,All Offices,2025-11-01,2025-11-30
4000040093,1210-SBI RACP 1,108,770.00,5045.00,-,-,All,All,All,All Offices,2025-11-01,2025-11-30
5000002971,LIC CITY BRANCH VI,107,456.00,2988.00,-,-,All,All,All,All Offices,2025-11-01,2025-11-30
1198568249,SRINIVASA REDDY,106,2808.00,18397.00,-,-,All,All,All,All Offices,2025-11-01,2025-11-30
3000063249,Raj Kamal NX,105,832.00,5462.00,-,-,All,All,All,All Offices,2025-11-01,2025-11-30
5000018109,SBI RBO KUKATPALLY,105,412.00,2678.00,-,-,All,All,All,All Offices,2025-11-01,2025-11-30
6000002135,1066-IGNOU,105,798.00,5214.00,-,-,All,All,All,All Offices,2025-11-01,2025-11-30
5000014106,1878-state bank of india,103,478.00,3135.00,-,-,All,All,All,All Offices,2025-11-01,2025-11-30
5000017126,DCB BANK LIMITED Regional Office,102,752.00,4930.00,-,-,All,All,All,All Offices,2025-11-01,2025-11-30
3000060859,MOTOLEGACY PRIVATE LIMITED,102,2244.00,14724.00,-,-,All,All,All,All Offices,2025-11-01,2025-11-30
2000000559,EPFO Nizamabad,101,658.00,4303.00,-,-,All,All,All,All Offices,2025-11-01,2025-11-30
3000040257,LIC of India Habsiguda,101,422.00,2773.00,-,-,All,All,All,All Offices,2025-11-01,2025-11-30
3000045064,2130-MANI NEEKANTI,101,1198.00,7853.00,-,-,All,All,All,All Offices,2025-11-01,2025-11-30
2000007553,Tata Instittue of Fundamental R,100,756.00,4958.00,-,-,All,All,All,All Offices,2025-11-01,2025-11-30
3000053947,LUCENTIK PRIVATE LIMITED,100,1524.00,9985.00,-,-,All,All,All,All Offices,2025-11-01,2025-11-30
3000067747,SJI JIMR,100,1182.00,7752.00,-,-,All,All,All,All Offices,2025-11-01,2025-11-30
1000052774,LIFE LINE TELESHOPPING,99,1591.99,10441.99,-,-,All,All,All,All Offices,2025-11-01,2025-11-30
3000046704,Highlights Genies (English),96,130.00,854.00,-,-,All,All,All,All Offices,2025-11-01,2025-11-30
5000017752,2309-SBI RBO RAMACHANDRAPURAM,96,600.00,3934.00,-,-,All,All,All,All Offices,2025-11-01,2025-11-30
1402693902,Manjukeshwar Reddy Mandadi,96,12960.00,84955.00,-,-,All,All,All,All Offices,2025-11-01,2025-11-30
5000005459,1122-SBH TRADE FINANCE CENTRAL,95,372.00,2436.00,-,-,All,All,All,All Offices,2025-11-01,2025-11-30
3000052665,Arrow Publications Pvt Ltd,95,3310.00,21692.00,-,-,All,All,All,All Offices,2025-11-01,2025-11-30
5000016064,NHDC,95,2872.00,18753.00,-,-,All,All,All,All Offices,2025-11-01,2025-11-30
2000010814,1984-State Bank of India,94,446.00,2886.00,-,-,All,All,All,All Offices,2025-11-01,2025-11-30
5000007636,BHARATH ELECTRONICS LTD,93,902.00,5910.00,-,-,All,All,All,All Offices,2025-11-01,2025-11-30
1640433105,PANDIRI  SRIKANTH REDDY,93,734.00,4829.00,-,-,All,All,All,All Offices,2025-11-01,2025-11-30
3000049433,Varalaxmi Enterprises,93,1484.00,9741.00,-,-,All,All,All,All Offices,2025-11-01,2025-11-30
2000000541,INCOME TAX OFFICE,93,602.00,3948.00,-,-,All,All,All,All Offices,2025-11-01,2025-11-30
2000001684,1495-IG OF CBI,92,736.00,4839.00,-,-,All,All,All,All Offices,2025-11-01,2025-11-30
1592699734,Jaya Lakshmi G,92,766.00,5011.00,-,-,All,All,All,All Offices,2025-11-01,2025-11-30
5000018005,SBI SHAPUR NAGAR,92,484.00,3168.00,-,-,All,All,All,All Offices,2025-11-01,2025-11-30
6000001856,DTO Wanaparthy,91,638.00,4187.00,-,-,All,All,All,All Offices,2025-11-01,2025-11-30
3000037936,Ms Goverdhan Handlooms,87,5652.00,37043.00,-,-,All,All,All,All Offices,2025-11-01,2025-11-30
6000002134,CONTROLLER OF COMMUNICATIONS,87,688.00,4505.00,-,-,All,All,All,All Offices,2025-11-01,2025-11-30
1000050206,K and S gems,87,624.00,4089.00,-,-,All,All,All,All Offices,2025-11-01,2025-11-30
1000055959,U LAKSHMAMMA,86,1140.00,7475.00,-,-,All,All,All,All Offices,2025-11-01,2025-11-30
3000046733,SBI Industrial FinanceBranch,86,724.00,4741.00,-,-,All,All,All,All Offices,2025-11-01,2025-11-30
5000016942,"2275-M/S LIC OF INDIA,CBXIV,TRIMULGHERRY",85,366.00,2394.00,-,-,All,All,All,All Offices,2025-11-01,2025-11-30
3000011011,State Bank of India,84,750.00,4907.00,-,-,All,All,All,All Offices,2025-11-01,2025-11-30
2000001936,INCOME TAX KHAMMAM,83,838.00,5505.00,-,-,All,All,All,All Offices,2025-11-01,2025-11-30
3000069069,KALUVALA RAVALI,83,522.00,3417.00,-,-,All,All,All,All Offices,2025-11-01,2025-11-30
1969778197,2359-Secunderabad GST Division,83,308.00,2020.00,-,-,All,All,All,All Offices,2025-11-01,2025-11-30
2000008217,1805-Central Administrative Tribunal,83,878.00,5759.00,-,-,All,All,All,All Offices,2025-11-01,2025-11-30
1125433605,Panjala Anil Kumar,80,770.00,5058.00,-,-,All,All,All,All Offices,2025-11-01,2025-11-30
2000013450,BHEL-HPEP,80,812.00,5323.00,-,-,All,All,All,All Offices,2025-11-01,2025-11-30
5000005522,LIC CITY BRANCH VII,80,308.00,2011.00,-,-,All,All,All,All Offices,2025-11-01,2025-11-30
3000052064,Suyogg Export And Imports,80,786.00,5151.00,-,-,All,All,All,All Offices,2025-11-01,2025-11-30
2000013685,RFCL,79,1132.00,7406.00,-,-,All,All,All,All Offices,2025-11-01,2025-11-30
6000014340,1936-Director of Drugs Control,78,572.00,3738.00,-,-,All,All,All,All Offices,2025-11-01,2025-11-30
6000002183,681-WELFARE COMMISSIONER,77,670.00,4403.00,-,-,All,All,All,All Offices,2025-11-01,2025-11-30
3000071020,SATYA & ASSOCIATES,77,1540.00,10100.00,-,-,All,All,All,All Offices,2025-11-01,2025-11-30
2000001658,354B-COMMISSIONER OF IT RANGE III,76,416.00,2719.00,-,-,All,All,All,All Offices,2025-11-01,2025-11-30
2000003146,494-AFS HAKIMPET,75,11930.01,78200.01,-,-,All,All,All,All Offices,2025-11-01,2025-11-30
2000009543,Directorare of Revenue Intelligence,75,610.00,4034.00,-,-,All,All,All,All Offices,2025-11-01,2025-11-30
2000010092,1874-Sr Divisinol Finanace Manager,75,596.00,3898.00,-,-,All,All,All,All Offices,2025-11-01,2025-11-30
2000002959,354K-354K-incometax,75,306.00,2028.00,-,-,All,All,All,All Offices,2025-11-01,2025-11-30
6000002881,RTO Bhadrachalam,74,478.00,3144.00,-,-,All,All,All,All Offices,2025-11-01,2025-11-30
3000057264,KAMESHWARI E SERVICES,73,1066.00,6971.00,-,-,All,All,All,All Offices,2025-11-01,2025-11-30
5000017870,SBI Kukatpally,73,316.00,2067.00,-,-,All,All,All,All Offices,2025-11-01,2025-11-30
1000055742,JC SAREE COLLECTIONS,72,932.00,6077.00,-,-,All,All,All,All Offices,2025-11-01,2025-11-30
4001789047,SANDEEP,72,568.00,3718.00,-,-,All,All,All,All Offices,2025-11-01,2025-11-30
1000059752,2338-M/S TANGELLAPALLI MADHURI,72,538.00,3533.00,-,-,All,All,All,All Offices,2025-11-01,2025-11-30
5000001613,STATE BANK OF INDIA,72,902.00,5882.00,-,-,All,All,All,All Offices,2025-11-01,2025-11-30
3000048545,VARALAXMI SILKS,71,1198.00,7858.00,-,-,All,All,All,All Offices,2025-11-01,2025-11-30
1000058069,UPPULA RAVALI CO RR FASHIONS,71,618.00,4063.00,-,-,All,All,All,All Offices,2025-11-01,2025-11-30
1000057265,M S JEWEL PLANET,71,596.00,3881.00,-,-,All,All,All,All Offices,2025-11-01,2025-11-30
2000001685,"1651-O/o Add CIT, Range-6",71,318.00,2107.00,-,-,All,All,All,All Offices,2025-11-01,2025-11-30
4002354751,KAMEPALLI JYOTSNADEVI,70,518.00,3383.00,-,-,All,All,All,All Offices,2025-11-01,2025-11-30
3000012732,Software Technology Parks of India,70,466.00,3053.00,-,-,All,All,All,All Offices,2025-11-01,2025-11-30
3000067142,PRASHANTI PONNAPALLI,70,426.00,2796.00,-,-,All,All,All,All Offices,2025-11-01,2025-11-30
3000051185,ADRUSTAR JEWELS,69,522.00,3416.00,-,-,All,All,All,All Offices,2025-11-01,2025-11-30
4000045512,RTO SATHUPALLI,67,566.00,3715.00,-,-,All,All,All,All Offices,2025-11-01,2025-11-30
2000011875,CENTRAL GST,66,542.00,3444.00,-,-,All,All,All,All Offices,2025-11-01,2025-11-30
1873761233,Kancherla Guru Prasad,64,594.00,3780.00,-,-,All,All,All,All Offices,2025-11-01,2025-11-30
2000001676,1489-AIRPORTS AUTHORITY OF INDIA,64,614.00,4015.00,-,-,All,All,All,All Offices,2025-11-01,2025-11-30
3000049070,Sri Vijaya Scientifics,64,2270.00,14886.00,-,-,All,All,All,All Offices,2025-11-01,2025-11-30
3000060309,CGMT BSNL,64,510.00,3344.00,-,-,All,All,All,All Offices,2025-11-01,2025-11-30
3000050518,BSP BOOKS PRIVATE LIMITED,64,1636.00,10735.00,-,-,All,All,All,All Offices,2025-11-01,2025-11-30
2000013300,Central Tax  Customs GST Ta,63,256.00,1696.00,-,-,All,All,All,All Offices,2025-11-01,2025-11-30
1000054080,AMMA AYURVEDA MARKETERS,63,506.00,3311.00,-,-,All,All,All,All Offices,2025-11-01,2025-11-30
5000013970,1859-Energy Efficiency Services Limited,63,512.00,3349.00,-,-,All,All,All,All Offices,2025-11-01,2025-11-30
3000062185,BHAAMA FASHION INDIA,62,970.00,6365.00,-,-,All,All,All,All Offices,2025-11-01,2025-11-30
5000002976,435-LIC AMEERPET,61,372.00,2446.00,-,-,All,All,All,All Offices,2025-11-01,2025-11-30
5000016236,2209-SBI RBO MADHAPUR,61,266.00,1749.00,-,-,All,All,All,All Offices,2025-11-01,2025-11-30
4000040090,466-LIC OF INDIA CHAITANYAPURI,60,236.00,1549.00,-,-,All,All,All,All Offices,2025-11-01,2025-11-30
5000001677,LIC CAB HNMK LIC CAB HANMAKOND,60,306.00,1990.00,-,-,All,All,All,All Offices,2025-11-01,2025-11-30
3000070782,PUNJAB NATIONAL BANK,60,502.00,3307.00,-,-,All,All,All,All Offices,2025-11-01,2025-11-30
6000002880,RTO OFFICE KOTHAGUDEM,60,406.00,2666.00,-,-,All,All,All,All Offices,2025-11-01,2025-11-30
3000044681,Shree Nidhi Print P Ltd,60,4624.00,30330.00,-,-,All,All,All,All Offices,2025-11-01,2025-11-30
3000051529,SUNITHA HOME DECORS,58,1358.00,8913.00,-,-,All,All,All,All Offices,2025-11-01,2025-11-30
1000050738,1948-M/s Hamstech Online Services Pvt Ltd,56,946.00,6188.00,-,-,All,All,All,All Offices,2025-11-01,2025-11-30
2000012636,2218-Subsidiary Intelligence Bureau,56,482.00,3166.00,-,-,All,All,All,All Offices,2025-11-01,2025-11-30
1000136265,PREMLATHA BALAR,55,2728.00,17978.00,-,-,All,All,All,All Offices,2025-11-01,2025-11-30
3000059426,PARAMITHA CHILDREN HOSPITAL,55,960.00,6295.00,-,-,All,All,All,All Offices,2025-11-01,2025-11-30
3000042643,Radiant Cons Appliances Pv,54,2608.00,17106.00,-,-,All,All,All,All Offices,2025-11-01,2025-11-30
2000011810,"2154-O/O INCOME TAX OFFICER(REFAC),GUNTUR",54,286.00,1872.00,-,-,All,All,All,All Offices,2025-11-01,2025-11-30
2000011008,"2061-DIRECTORATE GENERAL OF VIGILANCE, CUSTOMS & CENTRAL TAX",54,398.00,2617.00,-,-,All,All,All,All Offices,2025-11-01,2025-11-30
2000009815,"1848-Assistant Commissioner, Central Tax, Mehdipatnam",54,206.00,1347.00,-,-,All,All,All,All Offices,2025-11-01,2025-11-30
2000010868,PRINCIPAL CIT IV IIA,54,332.00,2183.00,-,-,All,All,All,All Offices,2025-11-01,2025-11-30
3000046884,2169-KRISHNA JEWELLERS PEARLS & GEMS,53,574.00,3746.00,-,-,All,All,All,All Offices,2025-11-01,2025-11-30
1000056952,TBH ENTERPRISES,53,994.00,6528.00,-,-,All,All,All,All Offices,2025-11-01,2025-11-30
3000060875,BSG GARMENTS,53,898.00,5901.00,-,-,All,All,All,All Offices,2025-11-01,2025-11-30
3000053972,SRI RENUKA MARKETING,52,2306.00,15114.00,-,-,All,All,All,All Offices,2025-11-01,2025-11-30
1150510624,Funkie  Junk,52,996.00,6531.00,-,-,All,All,All,All Offices,2025-11-01,2025-11-30
3000037244,1889 - M/s St. Jude Medical Pvt Ltd,52,628.00,4124.00,-,-,All,All,All,All Offices,2025-11-01,2025-11-30
3000046709,Sarita (Hindi),51,68.00,446.00,-,-,All,All,All,All Offices,2025-11-01,2025-11-30
3000068579,Dr Sudheers Wishealth Private Limited,51,556.00,3666.00,-,-,All,All,All,All Offices,2025-11-01,2025-11-30
3000046700,Grihshobha(Hindi),51,66.00,428.00,-,-,All,All,All,All Offices,2025-11-01,2025-11-30
5000018391,2351-SBI Region IV,51,242.00,1586.00,-,-,All,All,All,All Offices,2025-11-01,2025-11-30
4001934032,RATHLAVATH RAJESH,50,792.00,5186.00,-,-,All,All,All,All Offices,2025-11-01,2025-11-30
2000014394,Institute of Hotel Management (IHM) Hyderabad,50,2974.15,19508.15,-,-,All,All,All,All Offices,2025-11-01,2025-11-30
3000048923,SBI RACPC Warangal,50,718.00,4695.00,-,-,All,All,All,All Offices,2025-11-01,2025-11-30
5000001608,P VIJAYANAND NAIK,50,342.00,2244.00,-,-,All,All,All,All Offices,2025-11-01,2025-11-30
4000045514,RTO WYRA,50,318.00,2080.00,-,-,All,All,All,All Offices,2025-11-01,2025-11-30
3000052699,Kamakshi Astro Gems,50,420.00,2750.00,-,-,All,All,All,All Offices,2025-11-01,2025-11-30
3000046668,Grihshobha(Telgu),50,78.00,506.00,-,-,All,All,All,All Offices,2025-11-01,2025-11-30
1374935272,Nusetty Sowmya,48,640.00,4195.00,-,-,All,All,All,All Offices,2025-11-01,2025-11-30
3000070861,"Central Bank of India, Khammam",48,480.00,3142.00,-,-,All,All,All,All Offices,2025-11-01,2025-11-30
1100008968,M Brahmaji Rao,48,462.00,3090.00,-,-,All,All,All,All Offices,2025-11-01,2025-11-30
3000050632,SUYOGG EXPORTS  IMPORTS,47,1542.00,10108.00,-,-,All,All,All,All Offices,2025-11-01,2025-11-30
2000000232,INCOME TAX OFFICE,47,418.00,2756.00,-,-,All,All,All,All Offices,2025-11-01,2025-11-30
1402663756,PRASADULA  CHINNA SAI LOKESH,47,362.00,2377.00,-,-,All,All,All,All Offices,2025-11-01,2025-11-30
1000078101,TAXFORM ENTERPRISES,47,2228.00,14587.00,-,-,All,All,All,All Offices,2025-11-01,2025-11-30
4001720572,Org Gardener,45,1218.00,7973.00,-,-,All,All,All,All Offices,2025-11-01,2025-11-30
1299879778,Indusind Bank Ltd,45,224.00,1387.00,-,-,All,All,All,All Offices,2025-11-01,2025-11-30
3000043892,SBI Waddepally,44,352.00,2316.00,-,-,All,All,All,All Offices,2025-11-01,2025-11-30
3000049218,Nehasree Fabrics,43,608.00,3983.00,-,-,All,All,All,All Offices,2025-11-01,2025-11-30
3000060427,SOLUTIONS THREE X PRIVATE LIMITED,43,1496.00,9799.00,-,-,All,All,All,All Offices,2025-11-01,2025-11-30
3000053403,ALIF THE BOOK STORE,43,442.00,2887.00,-,-,All,All,All,All Offices,2025-11-01,2025-11-30
3000056251,KAILASH MEDICAL HALL,43,3549.99,23272.99,-,-,All,All,All,All Offices,2025-11-01,2025-11-30
5000003068,1099-STATE BANK STAFF COLLEGE,43,332.00,2184.00,-,-,All,All,All,All Offices,2025-11-01,2025-11-30
1000082844,NUCLEONIX SYSTEMS PVT.LTD.,43,1977.99,12957.99,-,-,All,All,All,All Offices,2025-11-01,2025-11-30
1954268728,SHYAM BABU,43,438.00,2871.00,-,-,All,All,All,All Offices,2025-11-01,2025-11-30
3000047155,State bank of India RBOiv,43,254.00,1665.00,-,-,All,All,All,All Offices,2025-11-01,2025-11-30
2000011764,NATIONAL TECHNICAL RESEARCH,42,614.00,4025.00,-,-,All,All,All,All Offices,2025-11-01,2025-11-30
3000063187,LAKSHMI SAREES,42,534.00,3519.00,-,-,All,All,All,All Offices,2025-11-01,2025-11-30
1880817512,Ather Mohammed,42,910.00,5925.00,-,-,All,All,All,All Offices,2025-11-01,2025-11-30
3000045351,2138-PUZZOLANA MACHINERY FABRICATORS(HYD),42,2420.00,15854.00,-,-,All,All,All,All Offices,2025-11-01,2025-11-30
3000069044,Vijaya Homeopathic,41,292.00,1927.00,-,-,All,All,All,All Offices,2025-11-01,2025-11-30
1000056244,CHITUKULA LAVANYA,41,528.00,3463.00,-,-,All,All,All,All Offices,2025-11-01,2025-11-30
3000064175,ROCHISHMATI HOSPITALS PVT LTD,41,610.00,3995.00,-,-,All,All,All,All Offices,2025-11-01,2025-11-30
1850033401,VISHNU CHEMICALS LTD,40,12488.00,81812.00,-,-,All,All,All,All Offices,2025-11-01,2025-11-30
6000000945,THE SECRETARY,40,786.00,5155.00,-,-,All,All,All,All Offices,2025-11-01,2025-11-30
3000068186,EYANTRA VENTURES LTD,40,1076.00,7044.00,-,-,All,All,All,All Offices,2025-11-01,2025-11-30
3000048270,Hasya Traders,39,292.00,1907.00,-,-,All,All,All,All Offices,2025-11-01,2025-11-30
2000014332,INCOME TAX KARIMNAGAR,39,356.00,2341.00,-,-,All,All,All,All Offices,2025-11-01,2025-11-30
2000013702,Deputy Superintendent Archaeological Chemist,39,164.00,1073.00,-,-,All,All,All,All Offices,2025-11-01,2025-11-30
1000150950,TINNALURI VENKATA SAI TARUN,39,36554.00,239644.00,-,-,All,All,All,All Offices,2025-11-01,2025-11-30
2000011009,"M/s Sr. Administrative Officer, ICA",38,760.00,4975.00,-,-,All,All,All,All Offices,2025-11-01,2025-11-30
4000040086,1709-SFIO,38,1554.00,10203.00,-,-,All,All,All,All Offices,2025-11-01,2025-11-30
1621224242,lokasani Padma Reddy,38,666.00,4380.00,-,-,All,All,All,All Offices,2025-11-01,2025-11-30
1778209787,classklap jyothi kumar,38,1242.00,8127.00,-,-,All,All,All,All Offices,2025-11-01,2025-11-30
1730544121,NIRMALA GURIVELLI,38,1208.00,7928.00,-,-,All,All,All,All Offices,2025-11-01,2025-11-30
3000070866,PUNJAB NATIONAL BANK,37,256.00,1678.00,-,-,All,All,All,All Offices,2025-11-01,2025-11-30
3000053284,ALIF THE BOOK STORE,37,900.00,5904.00,-,-,All,All,All,All Offices,2025-11-01,2025-11-30
1253105687,Prakash PKNS,37,304.00,2015.00,-,-,All,All,All,All Offices,2025-11-01,2025-11-30
3000056787,DAIVIKAM INDUSTRIES,37,1214.00,7964.00,-,-,All,All,All,All Offices,2025-11-01,2025-11-30
1483280861,Snigda Reddy,36,466.00,3031.00,-,-,All,All,All,All Offices,2025-11-01,2025-11-30
1537364497,Dharmendra Singh,36,436.00,2854.00,-,-,All,All,All,All Offices,2025-11-01,2025-11-30
1516045153,SUNIL  GOGIA,35,828.00,5434.00,-,-,All,All,All,All Offices,2025-11-01,2025-11-30
3000068681,National Insurance Company,35,148.00,963.00,-,-,All,All,All,All Offices,2025-11-01,2025-11-30
2000013701,"2302-Pay & accounts Office, Archaeological Survey of India",35,512.00,3347.00,-,-,All,All,All,All Offices,2025-11-01,2025-11-30
1674749279,NANDAMURI LAKSHMINARAYANA,34,1836.00,12044.00,-,-,All,All,All,All Offices,2025-11-01,2025-11-30
1382603840,VEDAAKSHATHA K,34,258.00,1654.00,-,-,All,All,All,All Offices,2025-11-01,2025-11-30
2000013651,Official Liquidator High Cour,34,200.00,1315.00,-,-,All,All,All,All Offices,2025-11-01,2025-11-30
2000002884,1041-NIOS,33,458.00,3008.00,-,-,All,All,All,All Offices,2025-11-01,2025-11-30
5000015690,O/o The Central tax & Excise,33,252.00,1652.00,-,-,All,All,All,All Offices,2025-11-01,2025-11-30
1528342182,AQQUHEEL UDDIN,33,514.00,3393.00,-,-,All,All,All,All Offices,2025-11-01,2025-11-30
5000015271,2101-Hindustan Petroleum Corporation Limited,33,1080.00,7103.00,-,-,All,All,All,All Offices,2025-11-01,2025-11-30
4002327778,Charitha Fashion Jewellery,33,202.00,1312.00,-,-,All,All,All,All Offices,2025-11-01,2025-11-30
3000062204,NYARA JUTE PRODUCTS,33,630.00,4137.00,-,-,All,All,All,All Offices,2025-11-01,2025-11-30
3000053849,MANJEWL COLLECTIONS,32,218.00,1423.00,-,-,All,All,All,All Offices,2025-11-01,2025-11-30
1742368893,UNISTEM SALES AND MARKETING LLP,32,332.00,2177.00,-,-,All,All,All,All Offices,2025-11-01,2025-11-30
2000014635,Ministry of Environment Forest Climate Change,32,282.00,1851.00,-,-,All,All,All,All Offices,2025-11-01,2025-11-30
2000010255,7853-M/s Sr.Administrative Officer,32,1656.00,10857.00,-,-,All,All,All,All Offices,2025-11-01,2025-11-30
6000015722,PVNR TELANGANA VETERINARY UNIVERSITY,31,242.00,1578.00,-,-,All,All,All,All Offices,2025-11-01,2025-11-30
3000046699,The Cheif Manager,31,376.00,2462.00,-,-,All,All,All,All Offices,2025-11-01,2025-11-30
1000099225,JALPA KARTIK SHAH,30,2478.00,27149.00,-,-,All,All,All,All Offices,2025-11-01,2025-11-30
2000013647,ICFRE Institute of Forest Biodiversity,30,938.00,6155.00,-,-,All,All,All,All Offices,2025-11-01,2025-11-30
3000068593,SOWMYA ENTERPRISES,30,568.00,3738.00,-,-,All,All,All,All Offices,2025-11-01,2025-11-30
3000023367,PHEROMONE CHEMICALS,29,974.00,6357.00,-,-,All,All,All,All Offices,2025-11-01,2025-11-30
3000064755,SBI NIT Branch,29,250.00,1628.00,-,-,All,All,All,All Offices,2025-11-01,2025-11-30
5000016451,STELL AUTHORITY OF INDIA,29,284.00,1867.00,-,-,All,All,All,All Offices,2025-11-01,2025-11-30
2000010942,Pr CIT ReAC AU IV,29,176.00,1150.00,-,-,All,All,All,All Offices,2025-11-01,2025-11-30
1710582704,Suresh  Venna,29,1456.00,9542.00,-,-,All,All,All,All Offices,2025-11-01,2025-11-30
1926867589,Shyamsundar M,27,332.00,2167.00,-,-,All,All,All,All Offices,2025-11-01,2025-11-30
3000069110,KONAM HARITHA,27,370.00,2425.00,-,-,All,All,All,All Offices,2025-11-01,2025-11-30
2000000614,Additional Income Tax Commisioner,27,238.00,1566.00,-,-,All,All,All,All Offices,2025-11-01,2025-11-30
1100000035,THE ADVOCATE MUTUALLY AIDED CO OP SOCIETY SEC SECBAD,27,176.00,1084.00,-,-,All,All,All,All Offices,2025-11-01,2025-11-30
3000012891,1546-BEL,27,906.00,5916.00,-,-,All,All,All,All Offices,2025-11-01,2025-11-30
2000008797,BSNL,27,262.00,1738.00,-,-,All,All,All,All Offices,2025-11-01,2025-11-30
3000045033,2128-INFOTRANS ENGINEERS PVT LTD,26,820.00,5355.00,-,-,All,All,All,All Offices,2025-11-01,2025-11-30
3000050602,THG PUBLISHING PRIVATE LIMITED,26,182.00,1192.00,-,-,All,All,All,All Offices,2025-11-01,2025-11-30
3000070738,ONE IN THE UNIVERSE,26,416.00,2736.00,-,-,All,All,All,All Offices,2025-11-01,2025-11-30
6000001191,DTO Nizamabad,26,242.00,1595.00,-,-,All,All,All,All Offices,2025-11-01,2025-11-30
3000065589,2328-SWASTIK ENTERPRISES,25,200.00,1319.00,-,-,All,All,All,All Offices,2025-11-01,2025-11-30
3000069678,GALLA MOHAN KUMAR,25,246.00,1668.00,-,-,All,All,All,All Offices,2025-11-01,2025-11-30
2000009884,Income Tax Officer Mahabubnagar,24,204.00,1342.00,-,-,All,All,All,All Offices,2025-11-01,2025-11-30
4002157091,S MADHUSUDHAN RAO,24,216.00,1411.00,-,-,All,All,All,All Offices,2025-11-01,2025-11-30
2000003384,510-AFSTN BGPET,24,5554.01,36404.01,-,-,All,All,All,All Offices,2025-11-01,2025-11-30
1457774239,Poojitha  Bujala,24,564.00,3679.00,-,-,All,All,All,All Offices,2025-11-01,2025-11-30
3000066655,IDBI BANK,24,242.00,1613.00,-,-,All,All,All,All Offices,2025-11-01,2025-11-30
1000059118,PRIYAS AQUA RO WATER SOLUTIONS,24,1214.00,7970.00,-,-,All,All,All,All Offices,2025-11-01,2025-11-30
3000054824,SOWFIT ENTERPRISES,24,2204.00,14444.00,-,-,All,All,All,All Offices,2025-11-01,2025-11-30
1782871129,Nikitha Thumma,24,228.00,1483.00,-,-,All,All,All,All Offices,2025-11-01,2025-11-30
1252856285,CHUNDURI VENKATESH,23,232.00,1513.00,-,-,All,All,All,All Offices,2025-11-01,2025-11-30
1329098865,Soujanya Nakka,23,358.00,2333.00,-,-,All,All,All,All Offices,2025-11-01,2025-11-30
3000050907,RUDRA AYURVEDIC and ORGONIC PRODUCTS,23,272.00,1772.00,-,-,All,All,All,All Offices,2025-11-01,2025-11-30
1000059045,TSHWCS LTD,23,440.00,2880.00,-,-,All,All,All,All Offices,2025-11-01,2025-11-30
3000069096,SBI Balasamudram,23,118.00,778.00,-,-,All,All,All,All Offices,2025-11-01,2025-11-30
5000002977,461- LIC OF INDIA CITY BRANCH-V,23,100.00,656.00,-,-,All,All,All,All Offices,2025-11-01,2025-11-30
3000054067,SREE MAHALAXMI SILKS,22,398.00,2593.00,-,-,All,All,All,All Offices,2025-11-01,2025-11-30
2000000387,AIR FORCE ACADEMY,22,3860.00,25301.00,-,-,All,All,All,All Offices,2025-11-01,2025-11-30
3000041803,STATE BANK OF INDIA,22,452.00,2958.00,-,-,All,All,All,All Offices,2025-11-01,2025-11-30
3000038022,1905-OYE HAPPY GIFT COM PVT.LTD,22,296.00,1936.00,-,-,All,All,All,All Offices,2025-11-01,2025-11-30
1337077868,Narimetla Kiran,22,152.00,1000.00,-,-,All,All,All,All Offices,2025-11-01,2025-11-30
6000002170,DR BRAOU EXAMS,22,280.00,1815.00,-,-,All,All,All,All Offices,2025-11-01,2025-11-30
1494665583,NARCOTICS CONTROL BUREAU,22,180.00,1180.00,-,-,All,All,All,All Offices,2025-11-01,2025-11-30
5000002985,"454-LIC, Himayathnagar",22,108.00,709.00,-,-,All,All,All,All Offices,2025-11-01,2025-11-30
1483342350,DEEPA KUMARI JHA,22,228.00,1490.00,-,-,All,All,All,All Offices,2025-11-01,2025-11-30
3000063005,VASHISHT HOMEOPATHIC PHARMACEUTICALS,21,690.00,4525.00,-,-,All,All,All,All Offices,2025-11-01,2025-11-30
2000001664,SENIOR DIVISIONAL ACCOUNTS OFFICE,21,152.00,999.00,-,-,All,All,All,All Offices,2025-11-01,2025-11-30
4001878093,AQUATIC COLLECTIONS,21,174.00,1144.00,-,-,All,All,All,All Offices,2025-11-01,2025-11-30
4001732539,JULOORI SHRUTHI,21,104.00,684.00,-,-,All,All,All,All Offices,2025-11-01,2025-11-30
5000002987,1567 - NTPC LIMITED,21,170.00,1123.00,-,-,All,All,All,All Offices,2025-11-01,2025-11-30
3000065748,DREAMY DESIGNS,20,130.00,862.00,-,-,All,All,All,All Offices,2025-11-01,2025-11-30
3000067046,IDBI Bank Ltd,20,176.00,1181.00,-,-,All,All,All,All Offices,2025-11-01,2025-11-30
3000040735,1991-PROTECTOR OF EMIGRANTS(POE),20,184.00,1207.00,-,-,All,All,All,All Offices,2025-11-01,2025-11-30
1619384557,Nafeesa Shaik,19,982.00,6442.00,-,-,All,All,All,All Offices,2025-11-01,2025-11-30
1000058020,KANUKUNTLA RAMYA,19,311.95,2048.95,-,-,All,All,All,All Offices,2025-11-01,2025-11-30
3000047936,MANUU Examinations,19,2878.01,18865.01,-,-,All,All,All,All Offices,2025-11-01,2025-11-30
1000055209,BANDI APARNA,19,234.00,1534.00,-,-,All,All,All,All Offices,2025-11-01,2025-11-30
1156434436,Jewel Collections,19,168.00,1103.00,-,-,All,All,All,All Offices,2025-11-01,2025-11-30
3000052271,TELANGANA MEDICAL AND SALES REP UNION,19,90.00,585.00,-,-,All,All,All,All Offices,2025-11-01,2025-11-30
3000051704,NAGINA INDUSTRIAL CORPORATION,18,1006.00,6596.00,-,-,All,All,All,All Offices,2025-11-01,2025-11-30
1914323407,Shreya  Collection,18,288.00,1883.00,-,-,All,All,All,All Offices,2025-11-01,2025-11-30
3000044501,SBI Nizamabad,18,184.00,1230.00,-,-,All,All,All,All Offices,2025-11-01,2025-11-30
1795732042,satvender singh,18,132.00,878.00,-,-,All,All,All,All Offices,2025-11-01,2025-11-30
5000017769,Ms Bank of Maharashtra,18,70.00,450.00,-,-,All,All,All,All Offices,2025-11-01,2025-11-30
1341784031,Arti Gupta,17,3834.00,25139.00,-,-,All,All,All,All Offices,2025-11-01,2025-11-30
3000051248,PREETHI COLLECTIONS,17,138.00,908.00,-,-,All,All,All,All Offices,2025-11-01,2025-11-30
3000046780,SBI Adalath Road Branch,17,186.00,1233.00,-,-,All,All,All,All Offices,2025-11-01,2025-11-30
3000063189,MURTLE FOOT INNOVATIONS PVT LTD,17,348.00,2258.00,-,-,All,All,All,All Offices,2025-11-01,2025-11-30
1000058288,AMERICA CARE PRIVATE LIMITED,17,332.00,2175.00,-,-,All,All,All,All Offices,2025-11-01,2025-11-30
3000051073,UNIFIED COUNCIL EDUCATIONAL SERVICE,17,398.00,2614.00,-,-,All,All,All,All Offices,2025-11-01,2025-11-30
6000000696,The Registrar  T.U,17,146.00,997.00,-,-,All,All,All,All Offices,2025-11-01,2025-11-30
4000045511,BSNL KHAMMAM,16,150.00,1001.00,-,-,All,All,All,All Offices,2025-11-01,2025-11-30
2000001690,1655 INCOME TAX,16,72.00,465.00,-,-,All,All,All,All Offices,2025-11-01,2025-11-30
1651841209,Virus Reloaded,16,248.00,1623.00,-,-,All,All,All,All Offices,2025-11-01,2025-11-30
5000005501,IDBI BANK ATTAPUR,16,194.00,1267.00,-,-,All,All,All,All Offices,2025-11-01,2025-11-30
3000055803,POWERGEN,16,248.00,1639.00,-,-,All,All,All,All Offices,2025-11-01,2025-11-30
3000046097,CEO EPIC,16,134.00,886.00,-,-,All,All,All,All Offices,2025-11-01,2025-11-30
1000057659,ANAGHA ENTERPRISES,15,884.00,5795.00,-,-,All,All,All,All Offices,2025-11-01,2025-11-30
6000014850,Osmania Medical College,15,954.00,6267.00,-,-,All,All,All,All Offices,2025-11-01,2025-11-30
3000012242,1392-ICICI BANK LTD,15,132.00,872.00,-,-,All,All,All,All Offices,2025-11-01,2025-11-30
3000067247,SRI KRISHNA ENTERPRISES,15,654.00,4279.00,-,-,All,All,All,All Offices,2025-11-01,2025-11-30
1353008197,JAGATEK CORPORATION,14,428.00,2816.00,-,-,All,All,All,All Offices,2025-11-01,2025-11-30
3000046705,Manohar Kahaniya (Hindi),14,16.00,108.00,-,-,All,All,All,All Offices,2025-11-01,2025-11-30
1805784902,Rizwan Mohd,14,624.00,4095.00,-,-,All,All,All,All Offices,2025-11-01,2025-11-30
3000062754,ASIA BOOK HOUSE,14,214.00,1390.00,-,-,All,All,All,All Offices,2025-11-01,2025-11-30
1457287430,Sunka Harish,14,118.00,776.00,-,-,All,All,All,All Offices,2025-11-01,2025-11-30
3000055475,SBI KISHANPURA,14,118.00,787.00,-,-,All,All,All,All Offices,2025-11-01,2025-11-30
1549312857,Battula Sandhya,14,188.00,1253.00,-,-,All,All,All,All Offices,2025-11-01,2025-11-30
3000056060,Vijayashri Enterprises,14,1332.00,8730.00,-,-,All,All,All,All Offices,2025-11-01,2025-11-30
3000046702,Grihshobha(Kannada),14,18.00,122.00,-,-,All,All,All,All Offices,2025-11-01,2025-11-30
2000013298,Income Tax Officer,14,110.00,740.00,-,-,All,All,All,All Offices,2025-11-01,2025-11-30
5000005358,1747-DRC DEPT SBI,14,140.00,932.00,-,-,All,All,All,All Offices,2025-11-01,2025-11-30
2000002689,1123-GAIL,13,132.00,866.00,-,-,All,All,All,All Offices,2025-11-01,2025-11-30
3000050801,SHAH BOOK HOUSE PVT LTD,13,648.00,4241.00,-,-,All,All,All,All Offices,2025-11-01,2025-11-30
1831243596,Haneef Mohammed,13,828.00,5445.00,-,-,All,All,All,All Offices,2025-11-01,2025-11-30
1376625451,kothapalli manikanta naveen kumar,12,142.00,943.00,-,-,All,All,All,All Offices,2025-11-01,2025-11-30
3000069745,Ruffleberry India Private Limited,12,1458.00,9558.00,-,-,All,All,All,All Offices,2025-11-01,2025-11-30
3000040316,1995-Sai Medha Coaching Center,12,742.00,4862.00,-,-,All,All,All,All Offices,2025-11-01,2025-11-30
3000047858,2178-GOLDEN BANGLE STORES,12,310.00,2025.00,-,-,All,All,All,All Offices,2025-11-01,2025-11-30
2000010791,1993-GSI TRAINING INSTITUTE,12,108.00,711.00,-,-,All,All,All,All Offices,2025-11-01,2025-11-30
1282024283,NAGA LATHA,12,212.00,1387.00,-,-,All,All,All,All Offices,2025-11-01,2025-11-30
3000034967,CHINTALAPATI ENTERPRISES PVT,12,72.00,478.00,-,-,All,All,All,All Offices,2025-11-01,2025-11-30
3000037546,Alltronix International,12,2337.99,15327.99,-,-,All,All,All,All Offices,2025-11-01,2025-11-30
3000056175,Emerald Enterprises SP,12,846.00,5541.00,-,-,All,All,All,All Offices,2025-11-01,2025-11-30
3000046710,Saras Salil (Hindi),12,16.00,96.00,-,-,All,All,All,All Offices,2025-11-01,2025-11-30
2000010873,2032-Pr.Commissioner of it(ReAC)(RU)-1,12,62.00,402.00,-,-,All,All,All,All Offices,2025-11-01,2025-11-30
3000044754,Study Punto Learning Pvt L,12,302.00,1972.00,-,-,All,All,All,All Offices,2025-11-01,2025-11-30
5000001059,SBI T.G University Branch,12,128.00,872.00,-,-,All,All,All,All Offices,2025-11-01,2025-11-30
5000003003,1496-OBC,12,96.00,630.00,-,-,All,All,All,All Offices,2025-11-01,2025-11-30
3000061104,CHANDANA COLLECTIONS AND BOUTIQUE,11,78.00,513.00,-,-,All,All,All,All Offices,2025-11-01,2025-11-30
5000013540,HMT Machine Tools Ltd,11,54.00,347.00,-,-,All,All,All,All Offices,2025-11-01,2025-11-30
1655621049,HUSSAINREDDY  Talla,11,70.00,482.00,-,-,All,All,All,All Offices,2025-11-01,2025-11-30
3000066559,BOOKS OCEAN,11,116.00,756.00,-,-,All,All,All,All Offices,2025-11-01,2025-11-30
2000012258,INTELLIGENCE BUREAU (MHA),11,856.00,5616.00,-,-,All,All,All,All Offices,2025-11-01,2025-11-30
1448079161,LORVEN PHARMA AND SURGICALS,11,654.00,4284.00,-,-,All,All,All,All Offices,2025-11-01,2025-11-30
5000005161,FCI  D O,11,96.00,644.00,-,-,All,All,All,All Offices,2025-11-01,2025-11-30
3000069175,KAKATIYA ENERGY SYSTEMS PVT LTD,11,644.00,4224.00,-,-,All,All,All,All Offices,2025-11-01,2025-11-30
5000003900,LIC Kothagudem,10,70.00,456.00,-,-,All,All,All,All Offices,2025-11-01,2025-11-30
3000067761,SJI JIMR,10,268.00,1756.00,-,-,All,All,All,All Offices,2025-11-01,2025-11-30
3000008040,C EDGE TECHNOLOGIES LTD,10,102.00,672.00,-,-,All,All,All,All Offices,2025-11-01,2025-11-30
1000057119,KENNIS UNIFORMS PVT. LTD,10,138.00,898.00,-,-,All,All,All,All Offices,2025-11-01,2025-11-30
1967885277,SRI LALIT METALS,10,1024.00,6709.00,-,-,All,All,All,All Offices,2025-11-01,2025-11-30
2000012446,Office of the Commissioner AR,10,246.00,1608.00,-,-,All,All,All,All Offices,2025-11-01,2025-11-30
3000050282,FRAGILE SOFTWARE PRIVATE LTD,10,288.00,1887.00,-,-,All,All,All,All Offices,2025-11-01,2025-11-30
3000053341,SRI DEVI HANDLOOMS,10,504.00,3304.00,-,-,All,All,All,All Offices,2025-11-01,2025-11-30
3000051501,PAVAN KUMAR AKELLA,10,160.00,1062.00,-,-,All,All,All,All Offices,2025-11-01,2025-11-30
1472240383,Rajashekhar  Miryala,10,114.00,730.00,-,-,All,All,All,All Offices,2025-11-01,2025-11-30
3000038253,Ms Food for Thought Foundation,10,1412.00,9254.00,-,-,All,All,All,All Offices,2025-11-01,2025-11-30
5000001060,SBI Kanteshwar Branch,9,100.00,643.00,-,-,All,All,All,All Offices,2025-11-01,2025-11-30
3000012243,1683-HYDERABAD PUBLIC SCHOOL,9,228.00,1498.00,-,-,All,All,All,All Offices,2025-11-01,2025-11-30
3000062743,MANAGER IDBI  MEHDIPATNAM,9,134.00,883.00,-,-,All,All,All,All Offices,2025-11-01,2025-11-30
1360029408,MAGNET STORE,9,216.00,1411.00,-,-,All,All,All,All Offices,2025-11-01,2025-11-30
1523080272,Jeevan reddy Challa,9,78.00,507.00,-,-,All,All,All,All Offices,2025-11-01,2025-11-30
3000069624,MIRIYALA ENTERPRISES PVT LTD,9,136.00,886.00,-,-,All,All,All,All Offices,2025-11-01,2025-11-30
3000057617,KARTHIKEYA ONLINE SERVICES,9,62.00,407.00,-,-,All,All,All,All Offices,2025-11-01,2025-11-30
1879696070,srichaitanya  book center,9,170.00,1128.00,-,-,All,All,All,All Offices,2025-11-01,2025-11-30
1000059266,JAI BHARAT ENTERPRISES,8,108.00,708.00,-,-,All,All,All,All Offices,2025-11-01,2025-11-30
3000068297,ARROW ENGINEERING INDUSTRIES PVT LTD,8,654.00,4296.00,-,-,All,All,All,All Offices,2025-11-01,2025-11-30
1867325564,Sai ram Pilli,8,102.00,677.00,-,-,All,All,All,All Offices,2025-11-01,2025-11-30
1938258060,Mukesh Dewasi,8,930.00,6101.00,-,-,All,All,All,All Offices,2025-11-01,2025-11-30
5000001676,BM LIC WARANGAL I,8,54.00,358.00,-,-,All,All,All,All Offices,2025-11-01,2025-11-30
2000013428,M S T C Limited,8,64.00,428.00,-,-,All,All,All,All Offices,2025-11-01,2025-11-30
1657799341,Dinesh Jawalkar,8,32.00,189.00,-,-,All,All,All,All Offices,2025-11-01,2025-11-30
4001818450,Org Gardener,8,76.00,496.00,-,-,All,All,All,All Offices,2025-11-01,2025-11-30
3000066558,BOOKS OCEAN,8,148.00,973.00,-,-,All,All,All,All Offices,2025-11-01,2025-11-30
1000059581,KRANTHI SURGICALS,7,176.00,1160.00,-,-,All,All,All,All Offices,2025-11-01,2025-11-30
5000014879,"2052-SBI,CAO, HYDERABAD",7,56.00,378.00,-,-,All,All,All,All Offices,2025-11-01,2025-11-30
3000040813,2009-Adhira communications Pvt Ltd,7,94.00,609.00,-,-,All,All,All,All Offices,2025-11-01,2025-11-30
3000069649,DRADIS CHEMICALS,7,104.00,678.00,-,-,All,All,All,All Offices,2025-11-01,2025-11-30
2000001682,1571 INCOME TAX,7,80.00,542.00,-,-,All,All,All,All Offices,2025-11-01,2025-11-30
1368792414,Suneej Jagannatham,7,60.00,410.00,-,-,All,All,All,All Offices,2025-11-01,2025-11-30
1652070525,Ramana P,7,50.00,325.00,-,-,All,All,All,All Offices,2025-11-01,2025-11-30
2000010292,"1894-O/o the Pr, CIT (ReAC) -2 HYD",6,40.00,266.00,-,-,All,All,All,All Offices,2025-11-01,2025-11-30
1000051948,2094-KRISHNA PEARLS & JEWELLERS,6,74.00,494.00,-,-,All,All,All,All Offices,2025-11-01,2025-11-30
1000056973,K S ASTROPAATH,6,162.00,1062.00,-,-,All,All,All,All Offices,2025-11-01,2025-11-30
3000062755,ASIA BOOK HOUSE,6,150.00,969.00,-,-,All,All,All,All Offices,2025-11-01,2025-11-30
2000010892,Bharath Dynamics Limited,6,346.00,2268.00,-,-,All,All,All,All Offices,2025-11-01,2025-11-30
3000039173,Ms J and J Dechane Laboratories,6,232.00,1517.00,-,-,All,All,All,All Offices,2025-11-01,2025-11-30
1100007210,CHILKA SAIKUMAR REDDY,6,46.00,111.00,-,-,All,All,All,All Offices,2025-11-01,2025-11-30
1686455918,Gouri Shankar Choudary,6,108.00,692.00,-,-,All,All,All,All Offices,2025-11-01,2025-11-30
3000039992,Indian academy,6,132.00,857.00,-,-,All,All,All,All Offices,2025-11-01,2025-11-30
1698414820,Guguloth  Raghuram,6,72.00,476.00,-,-,All,All,All,All Offices,2025-11-01,2025-11-30
3000068683,MOBISAFAR SERVICES PRIVATE LIMITED,5,360.00,2355.00,-,-,All,All,All,All Offices,2025-11-01,2025-11-30
3000050517,SAILEELA STORE,5,64.00,424.00,-,-,All,All,All,All Offices,2025-11-01,2025-11-30
1000060526,DIAMOND SILVER LEAFS,5,52.00,337.00,-,-,All,All,All,All Offices,2025-11-01,2025-11-30
1181146161,NATIONAL TESTING AGENCY,5,608.00,3992.00,-,-,All,All,All,All Offices,2025-11-01,2025-11-30
1738844005,Sharath Patlori,5,100.00,656.00,-,-,All,All,All,All Offices,2025-11-01,2025-11-30
2000012891,National Book Trust India,5,78.00,524.00,-,-,All,All,All,All Offices,2025-11-01,2025-11-30
1158142332,MAHESHWARI FANCY STORES,5,124.00,814.00,-,-,All,All,All,All Offices,2025-11-01,2025-11-30
2000000850,YADAIAH,5,50.00,342.00,-,-,All,All,All,All Offices,2025-11-01,2025-11-30
3000046666,Champak(Marathi),5,6.00,36.00,-,-,All,All,All,All Offices,2025-11-01,2025-11-30
3000062203,NYARA Jute Products,5,218.00,1423.00,-,-,All,All,All,All Offices,2025-11-01,2025-11-30
1184622549,BOMBAY TOOLS SUPPLYING AGENCY PVT LTD,4,234.00,1534.00,-,-,All,All,All,All Offices,2025-11-01,2025-11-30
3000057732,HEJ TECH OPC,4,36.00,239.00,-,-,All,All,All,All Offices,2025-11-01,2025-11-30
3000046701,Grihshobha(Marathi),4,4.00,28.00,-,-,All,All,All,All Offices,2025-11-01,2025-11-30
6000000802,The Controller of Examinations T.U,4,74.00,495.00,-,-,All,All,All,All Offices,2025-11-01,2025-11-30
3000037930,Ms HE Technocrats,4,406.00,2662.00,-,-,All,All,All,All Offices,2025-11-01,2025-11-30
3000046708,Mukta (Hindi),4,6.00,38.00,-,-,All,All,All,All Offices,2025-11-01,2025-11-30
1490705408,Venu Kumar,4,46.00,306.00,-,-,All,All,All,All Offices,2025-11-01,2025-11-30
3000050373,2210-S.R.Engineers,4,60.00,395.00,-,-,All,All,All,All Offices,2025-11-01,2025-11-30
1952344036,TRUTH Foundation,4,24.00,153.00,-,-,All,All,All,All Offices,2025-11-01,2025-11-30
5000001594,"LIC-2, Nalgonda",4,34.00,222.00,-,-,All,All,All,All Offices,2025-11-01,2025-11-30
3000046707,Motoring World (English),4,10.00,70.00,-,-,All,All,All,All Offices,2025-11-01,2025-11-30
1978992868,Joshuva,4,58.00,388.00,-,-,All,All,All,All Offices,2025-11-01,2025-11-30
1700658071,priyanka zode,4,28.00,188.00,-,-,All,All,All,All Offices,2025-11-01,2025-11-30
3000054421,IDBI BANK LIMITED,4,28.00,188.00,-,-,All,All,All,All Offices,2025-11-01,2025-11-30
1325699904,Nitesh Mitra,4,240.00,1575.00,-,-,All,All,All,All Offices,2025-11-01,2025-11-30
1000134128,ZUBAIR AHMED,4,1082.00,7082.00,-,-,All,All,All,All Offices,2025-11-01,2025-11-30
1000054067,NEXAGRID TECHNOLOGY PVT LTD,3,28.00,185.00,-,-,All,All,All,All Offices,2025-11-01,2025-11-30
1897030308,Surna  Vigneshwar,3,476.00,3106.00,-,-,All,All,All,All Offices,2025-11-01,2025-11-30
2000001666,135-NATIONAL REMOTE SENSING CENTR,3,132.00,869.00,-,-,All,All,All,All Offices,2025-11-01,2025-11-30
3000054541,Zorek Education Technologies Pv,3,38.00,241.00,-,-,All,All,All,All Offices,2025-11-01,2025-11-30
3000056763,TANVI HANDLOOMS,3,94.00,623.00,-,-,All,All,All,All Offices,2025-11-01,2025-11-30
3000040979,2008-UTI Infrastructure technology & Service Ltd,3,10.00,67.00,-,-,All,All,All,All Offices,2025-11-01,2025-11-30
2000013503,"BHEL-HPEP, RC Puram (BP)",3,62.00,407.00,-,-,All,All,All,All Offices,2025-11-01,2025-11-30
3000046706,Satyakatha(Hindi),3,4.00,30.00,-,-,All,All,All,All Offices,2025-11-01,2025-11-30
4001427714,SATEESH ACADAMY,3,106.00,690.00,-,-,All,All,All,All Offices,2025-11-01,2025-11-30
3000060162,IIIT HYDERABAD,3,38.00,250.00,-,-,All,All,All,All Offices,2025-11-01,2025-11-30
1650962713,INDRASENA REDDY G,3,34.00,224.00,-,-,All,All,All,All Offices,2025-11-01,2025-11-30
1359996409,KOTAK  SECURITIES LTD,3,20.00,133.00,-,-,All,All,All,All Offices,2025-11-01,2025-11-30
3000050516,SAILEELA STORE,3,98.00,638.00,-,-,All,All,All,All Offices,2025-11-01,2025-11-30
1595249586,Bhooshi  Ramakrishna,3,42.00,271.00,-,-,All,All,All,All Offices,2025-11-01,2025-11-30
3000063004,VASHISHT HOMEOPATHIC PHARMACEUTICALS,3,16.00,101.00,-,-,All,All,All,All Offices,2025-11-01,2025-11-30
1000060283,MAA POOJA,3,48.00,308.00,-,-,All,All,All,All Offices,2025-11-01,2025-11-30
1776839634,Bala krishna Kadagala,3,46.00,301.00,-,-,All,All,All,All Offices,2025-11-01,2025-11-30
3000046667,Champak (Kannada),3,4.00,22.00,-,-,All,All,All,All Offices,2025-11-01,2025-11-30
1548431998,ARC  ENTERPRISES,3,54.00,354.00,-,-,All,All,All,All Offices,2025-11-01,2025-11-30
2000014441,NIPHM,3,444.00,2915.00,-,-,All,All,All,All Offices,2025-11-01,2025-11-30
1929682299,Lalhriatpuii Hnamte,3,72.00,480.00,-,-,All,All,All,All Offices,2025-11-01,2025-11-30
3000056126,GOWDURBAR NATURAL PRODUCTS,3,60.00,389.00,-,-,All,All,All,All Offices,2025-11-01,2025-11-30
1307763001,Sagar Agarwal,3,504.00,3294.00,-,-,All,All,All,All Offices,2025-11-01,2025-11-30
3000060480,2304-M/s Shanti and Shanti Homeopaths,3,34.00,230.00,-,-,All,All,All,All Offices,2025-11-01,2025-11-30
1359576910,RAMA  GOVIND,3,144.00,951.00,-,-,All,All,All,All Offices,2025-11-01,2025-11-30
1000055744,SV TELESHOPPE,2,26.00,175.00,-,-,All,All,All,All Offices,2025-11-01,2025-11-30
3000068557,SM UNIQUE COLLECTIONS,2,28.00,178.00,-,-,All,All,All,All Offices,2025-11-01,2025-11-30
1251031598,Mohit  Upraity,2,8.00,58.00,-,-,All,All,All,All Offices,2025-11-01,2025-11-30
1764424961,Anjali Devi,2,26.00,0.00,-,-,All,All,All,All Offices,2025-11-01,2025-11-30
3000040104,Bhagyalaxmi Handlooms,2,92.00,600.00,-,-,All,All,All,All Offices,2025-11-01,2025-11-30
3000057627,ADML,2,98.00,640.00,-,-,All,All,All,All Offices,2025-11-01,2025-11-30
1000058927,LOTUS INTERNATIONAL,2,24.00,154.00,-,-,All,All,All,All Offices,2025-11-01,2025-11-30
3000066321,SRI SAI DRYFRUITS & ORGANICS,2,68.00,438.00,-,-,All,All,All,All Offices,2025-11-01,2025-11-30
1434308668,GREEN CARE BIOSCIENCES,2,22.00,142.00,-,-,All,All,All,All Offices,2025-11-01,2025-11-30
1637044008,manideep miyapuram,2,24.00,160.00,-,-,All,All,All,All Offices,2025-11-01,2025-11-30
1580529678,Shikha Pandey,2,28.00,192.00,-,-,All,All,All,All Offices,2025-11-01,2025-11-30
1769395054,Ankit Sabinkar,2,50.00,219.00,-,-,All,All,All,All Offices,2025-11-01,2025-11-30
3000054755,Branch Manager SBI Achalpur RACC,2,20.00,135.00,-,-,All,All,All,All Offices,2025-11-01,2025-11-30
3000067274,MESCO,2,138.00,909.00,-,-,All,All,All,All Offices,2025-11-01,2025-11-30
3000068350,SIRI GOLD MERCHANT PVT LTD,2,122.00,794.00,-,-,All,All,All,All Offices,2025-11-01,2025-11-30
1218064910,Dhwnit Kamle,2,12.00,42.00,-,-,All,All,All,All Offices,2025-11-01,2025-11-30
1961832550,Afzal Hafiz,2,26.00,173.00,-,-,All,All,All,All Offices,2025-11-01,2025-11-30
5000001612,"IDBI, Nalgonda",2,16.00,110.00,-,-,All,All,All,All Offices,2025-11-01,2025-11-30
1190804881,LAVANYA VELDI,2,12.00,55.00,-,-,All,All,All,All Offices,2025-11-01,2025-11-30
1100008883,LODI SHYLAJA,2,8.00,46.00,-,-,All,All,All,All Offices,2025-11-01,2025-11-30
1000051348,MS BALU HERBALS PVT LTD,2,26.00,166.00,-,-,All,All,All,All Offices,2025-11-01,2025-11-30
1741769605,Sumanth D,2,28.00,192.00,-,-,All,All,All,All Offices,2025-11-01,2025-11-30
6000002149,SBTET,2,18.00,115.00,-,-,All,All,All,All Offices,2025-11-01,2025-11-30
1891608662,MIRYALA SRIKANTH,2,50.00,324.00,-,-,All,All,All,All Offices,2025-11-01,2025-11-30
1000060010,BETHESHIFT TECHNOLOGIES PVT LTD,2,48.00,318.00,-,-,All,All,All,All Offices,2025-11-01,2025-11-30
3000065189,VISION INFRA DEVELOPERS INDIA  PVT LTD,2,206.00,1346.00,-,-,All,All,All,All Offices,2025-11-01,2025-11-30
3000063914,Womens Collection,2,14.00,94.00,-,-,All,All,All,All Offices,2025-11-01,2025-11-30
1172339835,Ajij Hasan Shaik,1,40.00,266.00,-,-,All,All,All,All Offices,2025-11-01,2025-11-30
1281307553,Gorantla Jagadeep,1,8.00,0.00,-,-,All,All,All,All Offices,2025-11-01,2025-11-30
2000009173,"THE ADDL. CHIEF ELECTORAL OFFICER CUM ADDL. SECRETARY TO GOVT OF ODISHA, HOME (ELECTION) DEPARTMENT",1,8.00,55.00,-,-,All,All,All,All Offices,2025-11-01,2025-11-30
1856482113,Mohammed  Akram,1,18.00,118.00,-,-,All,All,All,All Offices,2025-11-01,2025-11-30
1603266492,Binu Jayaraj,1,14.00,97.00,-,-,All,All,All,All Offices,2025-11-01,2025-11-30
4002036453,K Sravanthi,1,14.00,94.00,-,-,All,All,All,All Offices,2025-11-01,2025-11-30
1215679676,Ranjitha p,1,8.00,55.00,-,-,All,All,All,All Offices,2025-11-01,2025-11-30
2000009181,Jammu and Kashmir CEO,1,8.00,55.00,-,-,All,All,All,All Offices,2025-11-01,2025-11-30
1445898233,sagar gupta,1,160.00,1050.00,-,-,All,All,All,All Offices,2025-11-01,2025-11-30
1239532919,Srinivasa Rao Kusumanchi,1,14.00,91.00,-,-,All,All,All,All Offices,2025-11-01,2025-11-30
1644249741,Srikanth Erijarla,1,234.00,1534.00,-,-,All,All,All,All Offices,2025-11-01,2025-11-30
1000100460,SRIKANTH THODUPUNOORI,1,342.00,8330.00,-,-,All,All,All,All Offices,2025-11-01,2025-11-30
1446477629,The Powder Legacy,1,10.00,60.00,-,-,All,All,All,All Offices,2025-11-01,2025-11-30
3000051702,THE RIGHT DOCTORS HEALTH CARE TECH,1,14.00,94.00,-,-,All,All,All,All Offices,2025-11-01,2025-11-30
1371410697,Uttam Krishna Gudelli,1,46.00,306.00,-,-,All,All,All,All Offices,2025-11-01,2025-11-30
1979202974,Rajkumar Rapelly,1,60.00,389.00,-,-,All,All,All,All Offices,2025-11-01,2025-11-30
1193965618,SHIOHUM BUSINESS PUBLICATIONS,1,12.00,80.00,-,-,All,All,All,All Offices,2025-11-01,2025-11-30
1373534288,Naresh merugu,1,6.00,42.00,-,-,All,All,All,All Offices,2025-11-01,2025-11-30
1811541967,Medari Venkat Narsaiah,1,374.00,2454.00,-,-,All,All,All,All Offices,2025-11-01,2025-11-30
1469473706,srinivas punna,1,16.00,100.00,-,-,All,All,All,All Offices,2025-11-01,2025-11-30
1264410885,R AND D ENGINEERS,1,254.00,1664.00,-,-,All,All,All,All Offices,2025-11-01,2025-11-30
1250842619,Saira Bhanu,1,6.00,36.00,-,-,All,All,All,All Offices,2025-11-01,2025-11-30
1284085256,Roma Khan,1,328.00,2148.00,-,-,All,All,All,All Offices,2025-11-01,2025-11-30
1985838306,Shivam Tiwari,1,58.00,378.00,-,-,All,All,All,All Offices,2025-11-01,2025-11-30
1762350214,SHAKIR ULLAH  SYED MOHAMMED,1,6.00,41.00,-,-,All,All,All,All Offices,2025-11-01,2025-11-30
3000063645,KAILASH,1,76.00,501.00,-,-,All,All,All,All Offices,2025-11-01,2025-11-30
1495039845,Moti lal  Sunar,1,4.00,23.00,-,-,All,All,All,All Offices,2025-11-01,2025-11-30
1640458984,sagar  gupta,1,154.00,1004.00,-,-,All,All,All,All Offices,2025-11-01,2025-11-30
1883002116,sonu sahu,1,18.00,115.00,-,-,All,All,All,All Offices,2025-11-01,2025-11-30
1181682538,Sai Preetham Koyyyala,1,8.00,55.00,-,-,All,All,All,All Offices,2025-11-01,2025-11-30
1310652231,Subha Mani,1,20.00,136.00,-,-,All,All,All,All Offices,2025-11-01,2025-11-30
1871535973,Boya Dinesh,1,34.00,224.00,-,-,All,All,All,All Offices,2025-11-01,2025-11-30
1986544436,Bhoopesh Bhoopesh,1,48.00,310.00,-,-,All,All,All,All Offices,2025-11-01,2025-11-30
1987150336,bharath nagapuri,1,10.00,67.00,-,-,All,All,All,All Offices,2025-11-01,2025-11-30
1000055107,ALIF THE BOOK STORE,1,12.00,77.00,-,-,All,All,All,All Offices,2025-11-01,2025-11-30
1329208195,Mohd Hussain,1,16.00,106.00,-,-,All,All,All,All Offices,2025-11-01,2025-11-30
1872493233,Athikam bhavish,1,78.00,508.00,-,-,All,All,All,All Offices,2025-11-01,2025-11-30
1996182109,Syed Hussaini,1,70.00,460.00,-,-,All,All,All,All Offices,2025-11-01,2025-11-30
3000065898,Anagha Collections,1,16.00,106.00,-,-,All,All,All,All Offices,2025-11-01,2025-11-30
1000059663,KETHAN PHARMA DISTRIBUTORS,1,12.00,77.00,-,-,All,All,All,All Offices,2025-11-01,2025-11-30
1941183343,Ushasree  Cheektoi,1,8.00,53.00,-,-,All,All,All,All Offices,2025-11-01,2025-11-30
4001432925,SATEESH ACADEMY,1,36.00,241.00,-,-,All,All,All,All Offices,2025-11-01,2025-11-30
3000062741,FORTUNAPIX PRIVATE LIMITED,1,66.00,431.00,-,-,All,All,All,All Offices,2025-11-01,2025-11-30
4002207189,NEW SUMANGALI HOSIERY,1,16.00,101.00,-,-,All,All,All,All Offices,2025-11-01,2025-11-30
1000140086,SARITA  LALWANI,1,1116.00,7316.00,-,-,All,All,All,All Offices,2025-11-01,2025-11-30
3000059719,ELEVEN DOTS STUDIO,1,36.00,239.00,-,-,All,All,All,All Offices,2025-11-01,2025-11-30
1491081508,Md Shahzeb Qadri,1,26.00,172.00,-,-,All,All,All,All Offices,2025-11-01,2025-11-30
1645194689,Lingala Saisiddhartha,1,10.00,67.00,-,-,All,All,All,All Offices,2025-11-01,2025-11-30
1000138706,Hasan abujabal,1,170.00,1115.00,-,-,All,All,All,All Offices,2025-11-01,2025-11-30
3000066158,LUCENTIK PRIVATE LIMITED,1,22.00,147.00,-,-,All,All,All,All Offices,2025-11-01,2025-11-30
1720270130,kalyan sarkar,1,34.00,224.00,-,-,All,All,All,All Offices,2025-11-01,2025-11-30
3000059404,SUMA GLOBAL COURIER SERVICES PRIVATE LIMITED,1,94.00,619.00,-,-,All,All,All,All Offices,2025-11-01,2025-11-30
1725565880,K Joe Jose,1,30.00,194.00,-,-,All,All,All,All Offices,2025-11-01,2025-11-30
1125022958,Abdul Mohammed,1,18.00,113.00,-,-,All,All,All,All Offices,2025-11-01,2025-11-30
1661264172,DAWHARU BAGLARY,1,34.00,220.00,-,-,All,All,All,All Offices,2025-11-01,2025-11-30
3000054642,SRI MUDHRA SAREES,1,66.00,437.00,-,-,All,All,All,All Offices,2025-11-01,2025-11-30
1342503417,srilatha padala,1,10.00,0.00,-,-,All,All,All,All Offices,2025-11-01,2025-11-30
1694174136,Magnet Klicks,1,6.00,42.00,-,-,All,All,All,All Offices,2025-11-01,2025-11-30
1891038916,Healing Fields Foundation,1,48.00,317.00,-,-,All,All,All,All Offices,2025-11-01,2025-11-30
3000052273,TELANGANA MEDICAL and SALES REP UNION,1,14.00,94.00,-,-,All,All,All,All Offices,2025-11-01,2025-11-30
1948230363,Vivek G,1,90.00,595.00,-,-,All,All,All,All Offices,2025-11-01,2025-11-30
1224873936,GANTA VIJAYKUMAR,1,4.00,0.00,-,-,All,All,All,All Offices,2025-11-01,2025-11-30
1637683757,J SRIVANI,1,16.00,102.00,-,-,All,All,All,All Offices,2025-11-01,2025-11-30
1761731882,SYAM KUMAR,1,12.00,80.00,-,-,All,All,All,All Offices,2025-11-01,2025-11-30
1365797223,Sanga Sahithya,1,54.00,349.00,-,-,All,All,All,All Offices,2025-11-01,2025-11-30
3000061254,TIRUMAL CLASSES,1,22.00,147.00,-,-,All,All,All,All Offices,2025-11-01,2025-11-30
1234379535,Mit Das Adhikari,1,18.00,118.00,-,-,All,All,All,All Offices,2025-11-01,2025-11-30
2000001642,354I-354I INCOME TAX CIB,1,8.00,55.00,-,-,All,All,All,All Offices,2025-11-01,2025-11-30
1543260661,Ashish  Gupta,1,42.00,273.00,-,-,All,All,All,All Offices,2025-11-01,2025-11-30
1752055706,Balaji Kothamasu,1,50.00,330.00,-,-,All,All,All,All Offices,2025-11-01,2025-11-30
3000058878,CHARAN ELECTRICALS,1,12.00,80.00,-,-,All,All,All,All Offices,2025-11-01,2025-11-30
1858991740,sai kiran varma,1,22.00,142.00,-,-,All,All,All,All Offices,2025-11-01,2025-11-30
1518661493,Syed Aoun Ali Abedi,1,8.00,53.00,-,-,All,All,All,All Offices,2025-11-01,2025-11-30
2000008542,IARC,1,12.00,80.00,-,-,All,All,All,All Offices,2025-11-01,2025-11-30
1115077271,Mohammed Inayatullah,1,18.00,114.00,-,-,All,All,All,All Offices,2025-11-01,2025-11-30
1617060523,Ramkishor Sharma,1,110.00,720.00,-,-,All,All,All,All Offices,2025-11-01,2025-11-30
1803270502,kajal  singh,1,16.00,109.00,-,-,All,All,All,All Offices,2025-11-01,2025-11-30
1188209225,Ravi Bhamidipati,1,10.00,62.00,-,-,All,All,All,All Offices,2025-11-01,2025-11-30
1415464114,Ashish  Sharma,1,20.00,136.00,-,-,All,All,All,All Offices,2025-11-01,2025-11-30
1778761821,Aruni Abhilasha,1,50.00,325.00,-,-,All,All,All,All Offices,2025-11-01,2025-11-30
1934870982,Subodh Baghel,1,186.00,1221.00,-,-,All,All,All,All Offices,2025-11-01,2025-11-30
1612312581,Mizba Mizba,1,8.00,48.00,-,-,All,All,All,All Offices,2025-11-01,2025-11-30
1435101703,kaushik ch,1,24.00,160.00,-,-,All,All,All,All Offices,2025-11-01,2025-11-30
1794682254,venkatesh godavarthi,1,10.00,70.00,-,-,All,All,All,All Offices,2025-11-01,2025-11-30
1989657592,Gopinadha Reddy Budigi,1,6.00,42.00,-,-,All,All,All,All Offices,2025-11-01,2025-11-30
1329805249,GRAND CASTING,1,12.00,82.00,-,-,All,All,All,All Offices,2025-11-01,2025-11-30
1119394181,VISHVA MITTAGATAPULA,1,10.00,63.00,-,-,All,All,All,All Offices,2025-11-01,2025-11-30