Customer ID,Customer Name,Article Count,Tax,Total Amount,Contract ID,Contract Mode,Product Type,Customer Type,Customer Sub Type,Region,Start Date,End Date
3000042033,SESHAASAI TECHNOLOGIES LIMITED,826685,0.0,33020146.2,-,-,All,All,All,All Offices,2025-07-01,2025-07-31
5000009103,INDIAN OVERSEAS BANK-PSD,46777,0.0,7258518.27,-,-,All,All,All,All Offices,2025-07-01,2025-07-31
3000042169,INDIAN BANK,10066,0.0,1028035.65,-,-,All,All,All,All Offices,2025-07-01,2025-07-31
5000014821,MS CBI KOTI(BNPL),65184,0.0,10704525.76,-,-,All,All,All,All Offices,2025-07-01,2025-07-31
3000063003,PKL LIMITED,156,0.0,118613.0,-,-,All,All,All,All Offices,2025-07-01,2025-07-31
3000052887,KARNATAKA GRAMIN BANK,65,0.0,70469.99,-,-,All,All,All,All Offices,2025-07-01,2025-07-31
3000065748,DREAMY DESIGNS,2988,0.0,95612.0,-,-,All,All,All,All Offices,2025-07-01,2025-07-31
4002089778,GANTASALA RAVALI,827,0.0,51840.0,-,-,All,All,All,All Offices,2025-07-01,2025-07-31
3000044681,SHREE NIDHI PRINT P LTD,22,0.0,9952.0,-,-,All,All,All,All Offices,2025-07-01,2025-07-31
1000060979,ZEROHARM SCIENCES PVT LTD,174,0.0,3180.0,-,-,All,All,All,All Offices,2025-07-01,2025-07-31
4002005159,MAASALA SIVA DURGA,661,0.0,40635.0,-,-,All,All,All,All Offices,2025-07-01,2025-07-31
3000051074,KAKANI EDU MEDIA PVT LTD,220,0.0,19921.0,-,-,All,All,All,All Offices,2025-07-01,2025-07-31
4001690303,BATTULA SANDHYA,158,0.0,24206.0,-,-,All,All,All,All Offices,2025-07-01,2025-07-31
3000056175,EMERALD ENTERPRISES,10,0.0,0.0,-,-,All,All,All,All Offices,2025-07-01,2025-07-31
1207244829,CHANDAN LOGICS LLP,234,0.0,0.0,-,-,All,All,All,All Offices,2025-07-01,2025-07-31
1000056867,LEE HEALTH DOMAIN INDIA PVT LTD,165,0.0,10435.0,-,-,All,All,All,All Offices,2025-07-01,2025-07-31
3000067747,SJI JIMR,250,0.0,33695.0,-,-,All,All,All,All Offices,2025-07-01,2025-07-31
3000065886,DREAMY DESIGNS,295,0.0,6305.0,-,-,All,All,All,All Offices,2025-07-01,2025-07-31
1000059264,Aswini Homeo & Ayurvedic Products,0,0.0,15575.0,-,-,All,All,All,All Offices,2025-07-01,2025-07-31
1643026968,AFFORDABLE ORGANICS,138,0.0,0.0,-,-,All,All,All,All Offices,2025-07-01,2025-07-31
3000060427,SOLUTIONS 3X PVT LTD,79,0.0,14319.0,-,-,All,All,All,All Offices,2025-07-01,2025-07-31
3000067142,Prashanthi Ponnapalli,118,0.0,9405.0,-,-,All,All,All,All Offices,2025-07-01,2025-07-31
1000060978,AYUSH DESIGNS,698,0.0,10460.0,-,-,All,All,All,All Offices,2025-07-01,2025-07-31
1000056929,NADELLA VENKAT CHAITANYA,101,0.0,6625.0,-,-,All,All,All,All Offices,2025-07-01,2025-07-31
3000070717,RANKERS BOOK,233,0.0,72235.0,-,-,All,All,All,All Offices,2025-07-01,2025-07-31
1335675181,ANKITHA RAVU,103,0.0,0.0,-,-,All,All,All,All Offices,2025-07-01,2025-07-31
3000056060,VIJAYA SHRI ENTERPRISES,13,0.0,13606.0,-,-,All,All,All,All Offices,2025-07-01,2025-07-31
4002369298,SAANVI TRENDZ,130,0.0,29145.0,-,-,All,All,All,All Offices,2025-07-01,2025-07-31
1000055959,U LAXMAMMA,95,0.0,5170.0,-,-,All,All,All,All Offices,2025-07-01,2025-07-31
3000063005,VASHISHT HOMEOPATHIC PHARMACEUTICALS,41,0.0,3793.0,-,-,All,All,All,All Offices,2025-07-01,2025-07-31
3000069175,KAKATIYA ENERGY SYSTEMS PVT LTD,10,0.0,3760.0,-,-,All,All,All,All Offices,2025-07-01,2025-07-31
1000058927,LOTUS INTERNATIONAL,0,0.0,585.0,-,-,All,All,All,All Offices,2025-07-01,2025-07-31
3000063187,LAKSHMI SAREES,65,0.0,12250.0,-,-,All,All,All,All Offices,2025-07-01,2025-07-31
3000068827,LAASYA REDDY YALAKA,98,0.0,6060.0,-,-,All,All,All,All Offices,2025-07-01,2025-07-31
3000065595,CUSTOMIZE DUNIYA,0,0.0,11540.0,-,-,All,All,All,All Offices,2025-07-01,2025-07-31
1000055965,Mayora India Pvt Ltd,0,0.0,13940.0,-,-,All,All,All,All Offices,2025-07-01,2025-07-31
5000018005,SBI SHAPURNAGAR,103,0.0,2315.0,-,-,All,All,All,All Offices,2025-07-01,2025-07-31
1000058814,RAVIRALA KARUNAKAR,1,0.0,3035.0,-,-,All,All,All,All Offices,2025-07-01,2025-07-31
3000067761,SJI JIMR,41,0.0,8615.0,-,-,All,All,All,All Offices,2025-07-01,2025-07-31
3000068593,SOWMYA ENTERPRISES,23,0.0,4350.0,-,-,All,All,All,All Offices,2025-07-01,2025-07-31
3000052699,KAMAKSHI ASTRO GEMS,62,0.0,3105.0,-,-,All,All,All,All Offices,2025-07-01,2025-07-31
3000062754,ASIA BOOK HOUSE,57,0.0,6985.0,-,-,All,All,All,All Offices,2025-07-01,2025-07-31
3000062755,ASIA BOOK HOUSE,4,0.0,6393.0,-,-,All,All,All,All Offices,2025-07-01,2025-07-31
1000057348,MAASALA SIVA DURGA,0,0.0,1180.0,-,-,All,All,All,All Offices,2025-07-01,2025-07-31
3000069110,KONAM HARITHA,23,0.0,9130.0,-,-,All,All,All,All Offices,2025-07-01,2025-07-31
3000068601,KSR MART,0,0.0,26320.0,-,-,All,All,All,All Offices,2025-07-01,2025-07-31
3000068297,ARROW ENGINEERING INDUSTRIES PVT LTD,5,0.0,1253.0,-,-,All,All,All,All Offices,2025-07-01,2025-07-31
3000063189,Murtle Foot Innovations,14,0.0,2880.0,-,-,All,All,All,All Offices,2025-07-01,2025-07-31
4002157091,S MADHUSUDHAN RAO,39,0.0,2800.0,-,-,All,All,All,All Offices,2025-07-01,2025-07-31
3000069069,KALUVALA RAVALI,64,0.0,2260.0,-,-,All,All,All,All Offices,2025-07-01,2025-07-31
4001732539,JULOORI SHRUTHI(HANS-CREATION-1),71,0.0,2405.0,-,-,All,All,All,All Offices,2025-07-01,2025-07-31
2000013647,"ICFRE 
Institute of Forest Biodiversity",9,0.0,2800.0,-,-,All,All,All,All Offices,2025-07-01,2025-07-31
3000068557,SM UNIQUE COLLECTIONS,63,0.0,5665.0,-,-,All,All,All,All Offices,2025-07-01,2025-07-31
3000062204,NYARA PRODUCTS,35,0.0,2296.0,-,-,All,All,All,All Offices,2025-07-01,2025-07-31
3000056061,ABS FISHING,15,0.0,6400.0,-,-,All,All,All,All Offices,2025-07-01,2025-07-31
1000060010,BETHESHIFT TECHNOLOGIES PVT LTD,7,0.0,0.0,-,-,All,All,All,All Offices,2025-07-01,2025-07-31
3000068802,BOIENI JAYA MADHURI,3,0.0,2758.0,-,-,All,All,All,All Offices,2025-07-01,2025-07-31
5000017870,SBI KUKATPALLY,23,0.0,0.0,-,-,All,All,All,All Offices,2025-07-01,2025-07-31
3000062203,NYARA PRODUCTS,2,0.0,390.0,-,-,All,All,All,All Offices,2025-07-01,2025-07-31
3000051248,PREETHI COLLECTIONS,11,0.0,1325.0,-,-,All,All,All,All Offices,2025-07-01,2025-07-31
3000068592,KSR MART,67,0.0,0.0,-,-,All,All,All,All Offices,2025-07-01,2025-07-31
3000059404,SUMA GLOBAL COURIER,2,0.0,651.0,-,-,All,All,All,All Offices,2025-07-01,2025-07-31
3000070435,MAYURA MEDICAL LLP,0,0.0,2260.0,-,-,All,All,All,All Offices,2025-07-01,2025-07-31
3000063004,VASHISHT HOMEOPATHIC PHARMACEUTICALS,2,0.0,0.0,-,-,All,All,All,All Offices,2025-07-01,2025-07-31
3000070192,BHARAT BRUSHLESS MOTORS,3,0.0,870.0,-,-,All,All,All,All Offices,2025-07-01,2025-07-31
3000067602,MADDIREDDI ANUSHA,21,0.0,0.0,-,-,All,All,All,All Offices,2025-07-01,2025-07-31
3000068280,VIVEK INDUSTRIES,3,0.0,30.0,-,-,All,All,All,All Offices,2025-07-01,2025-07-31
3000060210,GVSK PHARMA PVT LTD,0,0.0,410.0,-,-,All,All,All,All Offices,2025-07-01,2025-07-31
3000068184,EYANTRA VENTURES LTD,0,0.0,420.0,-,-,All,All,All,All Offices,2025-07-01,2025-07-31
3000066639,S R R ENTREPRENEUR,0,0.0,399.0,-,-,All,All,All,All Offices,2025-07-01,2025-07-31
4002144057,RAMYA SHRI BANDARI,0,0.0,310.0,-,-,All,All,All,All Offices,2025-07-01,2025-07-31
3000063687,SHREENATH FOODS,0,0.0,160.0,-,-,All,All,All,All Offices,2025-07-01,2025-07-31
3000070698,RANKERS BOOK,1,0.0,0.0,-,-,All,All,All,All Offices,2025-07-01,2025-07-31
5000014772,APGVB,890,0.0,46893.2,-,-,All,All,All,All Offices,2025-07-01,2025-07-31
3000042684,Axis Bank(NAF),8186,0.0,261747.6,-,-,All,All,All,All Offices,2025-07-01,2025-07-31
3000044891,CBI MUMBAI NAF,579862,0.0,18719510.85,-,-,All,All,All,All Offices,2025-07-01,2025-07-31
3000025161,ICICI(NAF),21614,0.0,1090665.16,-,-,All,All,All,All Offices,2025-07-01,2025-07-31
3000041305,KL HITECH,2788,0.0,664896.96,-,-,All,All,All,All Offices,2025-07-01,2025-07-31
1561233562,OGB,3654,0.0,0.0,-,-,All,All,All,All Offices,2025-07-01,2025-07-31
3000053459,UCO Bank,37202,0.0,3599456.07,-,-,All,All,All,All Offices,2025-07-01,2025-07-31
1000006532,LAKSHMI ENTERPRISES,2380,0.0,278283.4,-,-,All,All,All,All Offices,2025-07-01,2025-07-31
1000050206,K and S Group of Company,140,0.0,1946.0,-,-,All,All,All,All Offices,2025-07-01,2025-07-31
1000050660,cash cow augmentation systems,550,0.0,34955.0,-,-,All,All,All,All Offices,2025-07-01,2025-07-31
1000050738,M/s Hamstech Online Services Pvt Ltd,22,0.0,121560.41,-,-,All,All,All,All Offices,2025-07-01,2025-07-31
1000051543,NEW MAX TELESHOPPING,1264,0.0,78906.39,-,-,All,All,All,All Offices,2025-07-01,2025-07-31
1000051948,KRISHNA PEARLS & JEWELLERS,22,0.0,2135.6,-,-,All,All,All,All Offices,2025-07-01,2025-07-31
1000053259,Monksays Superfoods private Limited,3428,0.0,182086.78,-,-,All,All,All,All Offices,2025-07-01,2025-07-31
1000053326,SUPRACYN PRIVATE LIMITED,690,0.0,47042.4,-,-,All,All,All,All Offices,2025-07-01,2025-07-31
1000055961,M/S KHADYAM SPECIALITY FOODS PRIVATE LIMITED,0,0.0,82.6,-,-,All,All,All,All Offices,2025-07-01,2025-07-31
1000058170,PUNARJEEVANI INDIA PVT LTD COD,1132,0.0,93091.6,-,-,All,All,All,All Offices,2025-07-01,2025-07-31
1000058692,P RAMANA,12,0.0,901.6,-,-,All,All,All,All Offices,2025-07-01,2025-07-31
1000059752,M/S TANGELLAPALLI MADHURI,0,0.0,6170.8,-,-,All,All,All,All Offices,2025-07-01,2025-07-31
1000059753,M/S JINNARAM SHOBHA RANI,0,0.0,10648.2,-,-,All,All,All,All Offices,2025-07-01,2025-07-31
2000001605,1076 OF INCOME TAX,1962,0.0,53950.2,-,-,All,All,All,All Offices,2025-07-01,2025-07-31
2000001606,OFFICE OF COMMM OF CENTRAL TAX,342,0.0,8957.8,-,-,All,All,All,All Offices,2025-07-01,2025-07-31
2000001607,DG OF CENTRAL EXCISE,676,0.0,11550.0,-,-,All,All,All,All Offices,2025-07-01,2025-07-31
2000001642,354I INCOME TAX CIB,880,0.0,12110.41,-,-,All,All,All,All Offices,2025-07-01,2025-07-31
2000001643,OFFICE OF REGIONAL DIRECTOR,818,0.0,20237.0,-,-,All,All,All,All Offices,2025-07-01,2025-07-31
2000001644,CUSTOMS & CENTRAL EXCISE/GST SECUNDERABAD COMM,404,0.0,11758.6,-,-,All,All,All,All Offices,2025-07-01,2025-07-31
2000001645,CIT TDS RANGE 14 COMMISSIONER,720,0.0,30480.19,-,-,All,All,All,All Offices,2025-07-01,2025-07-31
2000001646,SECURITY PRINTING PRESS,1542,0.0,1455046.15,-,-,All,All,All,All Offices,2025-07-01,2025-07-31
2000001649,CENTRAL BOARD OF DIRECT TAXES,154,0.0,8190.0,-,-,All,All,All,All Offices,2025-07-01,2025-07-31
2000001650,IT CENTRAL CIRCLE,754,0.0,35231.6,-,-,All,All,All,All Offices,2025-07-01,2025-07-31
2000001651,354O  INCOME TAX BB,578,0.0,24137.8,-,-,All,All,All,All Offices,2025-07-01,2025-07-31
2000001654,COMISSIONER OF CENTRAL EXCISE gst,1036,0.0,29586.79,-,-,All,All,All,All Offices,2025-07-01,2025-07-31
2000001657,IT EXEMPTIONS,194,0.0,7948.2,-,-,All,All,All,All Offices,2025-07-01,2025-07-31
2000001658,COMMISSIONER OF IT RANGE III,182,0.0,5316.0,-,-,All,All,All,All Offices,2025-07-01,2025-07-31
2000001659,CUSTOMS COMMISSIONERATE,3072,0.0,63112.41,-,-,All,All,All,All Offices,2025-07-01,2025-07-31
2000001660,CCEST,444,0.0,10592.6,-,-,All,All,All,All Offices,2025-07-01,2025-07-31
2000001663,DLRL,378,0.0,22431.4,-,-,All,All,All,All Offices,2025-07-01,2025-07-31
2000001665,N R S C,682,0.0,53527.19,-,-,All,All,All,All Offices,2025-07-01,2025-07-31
2000001666,NATIONAL REMOTE SENSING CENTR,0,0.0,164.6,-,-,All,All,All,All Offices,2025-07-01,2025-07-31
2000001667,AFLE,390,0.0,841564.2,-,-,All,All,All,All Offices,2025-07-01,2025-07-31
2000001670,ECIL,1266,0.0,256716.1,-,-,All,All,All,All Offices,2025-07-01,2025-07-31
2000001674,354A  INCOME TAX,1814,0.0,58839.8,-,-,All,All,All,All Offices,2025-07-01,2025-07-31
2000001676,AIRPORTS AUTHORITY OF INDIA,206,0.0,11675.6,-,-,All,All,All,All Offices,2025-07-01,2025-07-31
2000001677,CCE AND ST,560,0.0,17776.19,-,-,All,All,All,All Offices,2025-07-01,2025-07-31
2000001680,ASST. COMM. P  AND V CUSTOMS A GST,458,0.0,15106.6,-,-,All,All,All,All Offices,2025-07-01,2025-07-31
2000001681,CUSTOMS AND GST APPEALS II COM,460,0.0,22427.2,-,-,All,All,All,All Offices,2025-07-01,2025-07-31
2000001682,1571 INCOME TAX,8,0.0,1179.2,-,-,All,All,All,All Offices,2025-07-01,2025-07-31
2000001684,IG OF CBI,282,0.0,12259.8,-,-,All,All,All,All Offices,2025-07-01,2025-07-31
2000001685,"O/o Add CIT, Range-6",418,0.0,3729.8,-,-,All,All,All,All Offices,2025-07-01,2025-07-31
2000001687,TD PASSPORTS,150168,0.0,3766282.29,-,-,All,All,All,All Offices,2025-07-01,2025-07-31
2000001690,1655 INCOME TAX,26,0.0,813.8,-,-,All,All,All,All Offices,2025-07-01,2025-07-31
2000001691,SERVICE TAX,748,0.0,12891.2,-,-,All,All,All,All Offices,2025-07-01,2025-07-31
2000001692,PR CIT 2,1146,0.0,19933.99,-,-,All,All,All,All Offices,2025-07-01,2025-07-31
2000002564,MINT OFFICE,1708,0.0,67679.17,-,-,All,All,All,All Offices,2025-07-01,2025-07-31
2000002672,AG Office,7888,0.0,392941.99,-,-,All,All,All,All Offices,2025-07-01,2025-07-31
2000002675,NIPHM,228,0.0,11151.2,-,-,All,All,All,All Offices,2025-07-01,2025-07-31
2000002688,NFC,1150,0.0,63707.4,-,-,All,All,All,All Offices,2025-07-01,2025-07-31
2000002689,GAIL,46,0.0,3107.6,-,-,All,All,All,All Offices,2025-07-01,2025-07-31
2000002721,CGHS,342,0.0,206025.79,-,-,All,All,All,All Offices,2025-07-01,2025-07-31
2000002784,EPFO,1528,0.0,25419.8,-,-,All,All,All,All Offices,2025-07-01,2025-07-31
2000002785,NIRD,114,0.0,24371.4,-,-,All,All,All,All Offices,2025-07-01,2025-07-31
2000002786,MANUU,7176,0.0,78774.61,-,-,All,All,All,All Offices,2025-07-01,2025-07-31
2000002884,NIOS,118,0.0,3860.4,-,-,All,All,All,All Offices,2025-07-01,2025-07-31
2000002885,O/o Addl CIT(TDS) Range-xv,222,0.0,16636.0,-,-,All,All,All,All Offices,2025-07-01,2025-07-31
2000002959,354K-incometax,946,0.0,30463.6,-,-,All,All,All,All Offices,2025-07-01,2025-07-31
2000003146,AFS HAKIMPET,152,0.0,185145.17,-,-,All,All,All,All Offices,2025-07-01,2025-07-31
2000003384,AFSTN BGPET,32,0.0,29974.0,-,-,All,All,All,All Offices,2025-07-01,2025-07-31
2000004442,GST SANGAREDDY,216,0.0,10176.0,-,-,All,All,All,All Offices,2025-07-01,2025-07-31
2000004443,Dy Comm GST Uppal,834,0.0,10758.4,-,-,All,All,All,All Offices,2025-07-01,2025-07-31
2000004444,"Asst.comm CT(K), GST Kukatpally Division",878,0.0,8520.0,-,-,All,All,All,All Offices,2025-07-01,2025-07-31
2000004836,Astt.comm Malkajgiri Div GST,312,0.0,6022.0,-,-,All,All,All,All Offices,2025-07-01,2025-07-31
2000005973,Asst.comm. Of GST Medchal,804,0.0,23583.8,-,-,All,All,All,All Offices,2025-07-01,2025-07-31
2000005974,Asst.comm. Of GST Jeedimetla DIV,974,0.0,20031.6,-,-,All,All,All,All Offices,2025-07-01,2025-07-31
2000006472,BUREAU OF Indian Standards,258,0.0,0.0,-,-,All,All,All,All Offices,2025-07-01,2025-07-31
2000008173,Central Forensic Science Laboratory,264,0.0,11965.88,-,-,All,All,All,All Offices,2025-07-01,2025-07-31
2000008217,Central Administrative Tribunal,248,0.0,12231.8,-,-,All,All,All,All Offices,2025-07-01,2025-07-31
2000008481,Directorate of Enforcement,578,0.0,25463.6,-,-,All,All,All,All Offices,2025-07-01,2025-07-31
2000008542,IARC for Powder Metallurgy & New Materials,2,0.0,0.0,-,-,All,All,All,All Offices,2025-07-01,2025-07-31
2000008543,GSI Bandlaguda,510,0.0,34531.8,-,-,All,All,All,All Offices,2025-07-01,2025-07-31
2000009522,O/o FA & CAO (Traffic),458,0.0,18691.2,-,-,All,All,All,All Offices,2025-07-01,2025-07-31
2000009812,"Assistant Commissioner, Central Tax, Nagole",578,0.0,10463.0,-,-,All,All,All,All Offices,2025-07-01,2025-07-31
2000009815,"Assistant Commissioner, Central Tax, Mehdipatnam",234,0.0,4954.2,-,-,All,All,All,All Offices,2025-07-01,2025-07-31
2000010015,Govt. Medical Store Department,130,0.0,15134.8,-,-,All,All,All,All Offices,2025-07-01,2025-07-31
2000010065,Indian Drugs and Pharmaceuticals Limited,344,0.0,6986.4,-,-,All,All,All,All Offices,2025-07-01,2025-07-31
2000010092,Sr Divisinol Finanace Manager,200,0.0,7419.4,-,-,All,All,All,All Offices,2025-07-01,2025-07-31
2000010292,"O/o the Pr, CIT (ReAC) -2 HYD",6,0.0,2184.0,-,-,All,All,All,All Offices,2025-07-01,2025-07-31
2000010791,GSI TRAINING INSTITUTE,72,0.0,62284.4,-,-,All,All,All,All Offices,2025-07-01,2025-07-31
2000010814,State Bank of India,162,0.0,4258.8,-,-,All,All,All,All Offices,2025-07-01,2025-07-31
2000010868,PRINICIPAL CIT-4,298,0.0,4101.2,-,-,All,All,All,All Offices,2025-07-01,2025-07-31
2000010873,Pr.Commissioner of it(ReAC)(RU)-1,8,0.0,1218.6,-,-,All,All,All,All Offices,2025-07-01,2025-07-31
2000010874,Pr commissioner of Income Tax-1,218,0.0,5263.2,-,-,All,All,All,All Offices,2025-07-01,2025-07-31
2000010942,Pr Cit (ReCA)(AU)-4,100,0.0,3052.4,-,-,All,All,All,All Offices,2025-07-01,2025-07-31
2000010956,Commissioner of Income tax(IT&TP),142,0.0,17702.0,-,-,All,All,All,All Offices,2025-07-01,2025-07-31
2000011008,"DIRECTORATE GENERAL OF VIGILANCE, CUSTOMS & CENTRAL TAX",94,0.0,5890.4,-,-,All,All,All,All Offices,2025-07-01,2025-07-31
2000011124,INDIAN OIL CORPORATION LIMITED,186,0.0,7172.2,-,-,All,All,All,All Offices,2025-07-01,2025-07-31
2000011436,PRCIT (REFAC),1540,0.0,51175.61,-,-,All,All,All,All Offices,2025-07-01,2025-07-31
2000011482,GST BANJARAHILLS DIVISION,782,0.0,5088.8,-,-,All,All,All,All Offices,2025-07-01,2025-07-31
2000011810,"O/O INCOME TAX OFFICER(REFAC),GUNTUR",220,0.0,9905.0,-,-,All,All,All,All Offices,2025-07-01,2025-07-31
2000011841,SHAMSHABAD GST DIVISION,250,0.0,5320.6,-,-,All,All,All,All Offices,2025-07-01,2025-07-31
2000012446,Office of the Commissioner(AR) CESTAT,26,0.0,1564.0,-,-,All,All,All,All Offices,2025-07-01,2025-07-31
2000012636,Subsidiary Intelligence Bureau,164,0.0,7424.8,-,-,All,All,All,All Offices,2025-07-01,2025-07-31
2000012640,Ameerpet (GST Division),194,0.0,5891.8,-,-,All,All,All,All Offices,2025-07-01,2025-07-31
2000013300,Central Tax & Customs(Tarnaka GST Division),162,0.0,1354.0,-,-,All,All,All,All Offices,2025-07-01,2025-07-31
2000013363,M/S FALAKNUMA GST DIVISION,262,0.0,5262.4,-,-,All,All,All,All Offices,2025-07-01,2025-07-31
2000013651,"O/o Official Liquidator, High court of Telangana & AP",202,0.0,9326.4,-,-,All,All,All,All Offices,2025-07-01,2025-07-31
2000013701,"Pay & accounts Office, Archaeological Survey of India",146,0.0,11915.6,-,-,All,All,All,All Offices,2025-07-01,2025-07-31
2000014253,M/s Central Drug Standard Control Drug,114,0.0,8569.4,-,-,All,All,All,All Offices,2025-07-01,2025-07-31
2000014380,"Asst Commissioner Central Tax, AMBERPET GST Division",108,0.0,1252.0,-,-,All,All,All,All Offices,2025-07-01,2025-07-31
2000014394,Institute of Hotel Management,42,0.0,202.6,-,-,All,All,All,All Offices,2025-07-01,2025-07-31
2000014634,FSSAI,46,0.0,2322.6,-,-,All,All,All,All Offices,2025-07-01,2025-07-31
3000011996,ICICI BANK LTD,2750,0.0,505638.2,-,-,All,All,All,All Offices,2025-07-01,2025-07-31
3000012044,ICICI BANK LTD,1236,0.0,139715.06,-,-,All,All,All,All Offices,2025-07-01,2025-07-31
3000012078,VARUN MOTORS,594,0.0,17708.8,-,-,All,All,All,All Offices,2025-07-01,2025-07-31
3000012150,SBI,202,0.0,235730.47,-,-,All,All,All,All Offices,2025-07-01,2025-07-31
3000012241,ICICI BANK LTD,1944,0.0,96845.99,-,-,All,All,All,All Offices,2025-07-01,2025-07-31
3000012242,ICICI BANK LTD,16,0.0,4316.8,-,-,All,All,All,All Offices,2025-07-01,2025-07-31
3000012243,HPS(ADVANCE),12,0.0,929.6,-,-,All,All,All,All Offices,2025-07-01,2025-07-31
3000012244,HDFC BANK,1030,0.0,33407.6,-,-,All,All,All,All Offices,2025-07-01,2025-07-31
3000012653,AXIS BANK,112,0.0,9081.4,-,-,All,All,All,All Offices,2025-07-01,2025-07-31
3000012667,AXIS BANK,172,0.0,14222.8,-,-,All,All,All,All Offices,2025-07-01,2025-07-31
3000012687,SHRIRAM LIFE INSURANCE LTD,8984,0.0,601939.05,-,-,All,All,All,All Offices,2025-07-01,2025-07-31
3000012699,HOMEO CARE INTERNATIONAL,774,0.0,36939.4,-,-,All,All,All,All Offices,2025-07-01,2025-07-31
3000012701,CESTAT,628,0.0,31717.21,-,-,All,All,All,All Offices,2025-07-01,2025-07-31
3000012705,GENERALI CENTRAL INSURANCE Co Ltd,324,0.0,10082.8,-,-,All,All,All,All Offices,2025-07-01,2025-07-31
3000012730,1017 CCMB,354,0.0,45891.4,-,-,All,All,All,All Offices,2025-07-01,2025-07-31
3000012737,KENDRIYA VIDYALAYA SANGATHAM,560,0.0,30752.0,-,-,All,All,All,All Offices,2025-07-01,2025-07-31
3000012891,BHEL,46,0.0,17299.21,-,-,All,All,All,All Offices,2025-07-01,2025-07-31
3000012892,SHRIRAM LIFE,20334,0.0,657087.98,-,-,All,All,All,All Offices,2025-07-01,2025-07-31
3000016758,932-ICICILOMBARD,2272,0.0,122639.02,-,-,All,All,All,All Offices,2025-07-01,2025-07-31
3000023367,PHEROMONE CHEMICALS,204,0.0,13287.8,-,-,All,All,All,All Offices,2025-07-01,2025-07-31
3000028210,AU SMALL FINANCE BANK LTD,0,0.0,20077.81,-,-,All,All,All,All Offices,2025-07-01,2025-07-31
3000030604,Zentech Innovations,9208,0.0,528046.17,-,-,All,All,All,All Offices,2025-07-01,2025-07-31
3000034967,Chintalapati Enterprises Pvt Ltd,32,0.0,755.6,-,-,All,All,All,All Offices,2025-07-01,2025-07-31
3000034968,Employees Provident Fund,1024,0.0,32797.2,-,-,All,All,All,All Offices,2025-07-01,2025-07-31
3000035033,Pranidhi Veterinary Diagnostics,198,0.0,6655.8,-,-,All,All,All,All Offices,2025-07-01,2025-07-31
3000035305,Hyderabad Race Club,0,0.0,69065.61,-,-,All,All,All,All Offices,2025-07-01,2025-07-31
3000037244,ST Jude medical india pvt ltd,176,0.0,0.0,-,-,All,All,All,All Offices,2025-07-01,2025-07-31
3000037546,Alltronix international ind,38,0.0,6724.0,-,-,All,All,All,All Offices,2025-07-01,2025-07-31
3000037659,IFFCO TOKIO GIC LTD,628,0.0,11115.0,-,-,All,All,All,All Offices,2025-07-01,2025-07-31
3000038022,OYE HAPPY GIFT COM PVT.LTD,42,0.0,2785.6,-,-,All,All,All,All Offices,2025-07-01,2025-07-31
3000038918,M/s Sri Satya Jyothi Agro Foods,380,0.0,14858.0,-,-,All,All,All,All Offices,2025-07-01,2025-07-31
3000039300,HYDERABAD EYE INSTITUTE,1760,0.0,76062.4,-,-,All,All,All,All Offices,2025-07-01,2025-07-31
3000040257,LIC OF INDIA CBXII,22,0.0,2747.8,-,-,All,All,All,All Offices,2025-07-01,2025-07-31
3000040506,RKS motor pvt ltd,352,0.0,2076.8,-,-,All,All,All,All Offices,2025-07-01,2025-07-31
3000040735,PROTECTOR OF EMIGRANTS(POE),38,0.0,568.0,-,-,All,All,All,All Offices,2025-07-01,2025-07-31
3000040979,UTI Infrastructure technology & Service Ltd,18688,0.0,314988.69,-,-,All,All,All,All Offices,2025-07-01,2025-07-31
3000041803,state bank of india,32,0.0,1039.8,-,-,All,All,All,All Offices,2025-07-01,2025-07-31
3000042643,Radiant Consumer Appliances Pvt Ltd,166,0.0,62423.19,-,-,All,All,All,All Offices,2025-07-01,2025-07-31
3000042731,FLP TRADING PVT LTD,1834,0.0,573034.17,-,-,All,All,All,All Offices,2025-07-01,2025-07-31
3000043013,FASHION HOUSE BY POONAM,1970,0.0,140181.82,-,-,All,All,All,All Offices,2025-07-01,2025-07-31
3000043701,KOTAK MAHINDRA PRIME LTD,1506,0.0,13226.8,-,-,All,All,All,All Offices,2025-07-01,2025-07-31
3000043820,BRUNDAVAN FASHION STORE,6,0.0,473.2,-,-,All,All,All,All Offices,2025-07-01,2025-07-31
3000044016,M/S Equitas Small Finance Bank,0,0.0,19695.2,-,-,All,All,All,All Offices,2025-07-01,2025-07-31
3000044754,STUDY PUNTO LEARNING PVT LTD,46,0.0,3964.0,-,-,All,All,All,All Offices,2025-07-01,2025-07-31
3000044755,ABHISHEK PRODUCTS,472,0.0,84811.0,-,-,All,All,All,All Offices,2025-07-01,2025-07-31
3000045033,INFOTRANS ENGINEERS PVT LTD,42,0.0,8335.2,-,-,All,All,All,All Offices,2025-07-01,2025-07-31
3000045064,MANI NEEKANTI,142,0.0,8484.2,-,-,All,All,All,All Offices,2025-07-01,2025-07-31
3000045351,PUZZOLANA MACHINERY FABRICATORS(HYD),84,0.0,38348.2,-,-,All,All,All,All Offices,2025-07-01,2025-07-31
3000045578,DATAFLOW SERVICES(I) PVT LTD,1276,0.0,69475.4,-,-,All,All,All,All Offices,2025-07-01,2025-07-31
3000046733,SBI INDUSTRIAL FINANCE BRANCH(09103),492,0.0,6872.0,-,-,All,All,All,All Offices,2025-07-01,2025-07-31
3000046860,CANARA NAF,0,0.0,21280893.79,-,-,All,All,All,All Offices,2025-07-01,2025-07-31
3000046884,KRISHNA JEWELLERS PEARLS & GEMS,66,0.0,2170.0,-,-,All,All,All,All Offices,2025-07-01,2025-07-31
3000047755,RAMAKRISHNA MATH,320,0.0,49652.59,-,-,All,All,All,All Offices,2025-07-01,2025-07-31
3000047858,GOLDEN BANGLE STORES,86,0.0,18263.6,-,-,All,All,All,All Offices,2025-07-01,2025-07-31
3000050372,NMDC LIMITED,1694,0.0,3198.8,-,-,All,All,All,All Offices,2025-07-01,2025-07-31
3000050373,S.R.Engineers,32,0.0,1084.4,-,-,All,All,All,All Offices,2025-07-01,2025-07-31
3000051185,Adrustar Jewels,106,0.0,1995.8,-,-,All,All,All,All Offices,2025-07-01,2025-07-31
3000051666,SRI VINAYAKA ADS,192,0.0,25997.19,-,-,All,All,All,All Offices,2025-07-01,2025-07-31
3000053210,KALYANI MOTORS PVT LTD,88,0.0,1584.6,-,-,All,All,All,All Offices,2025-07-01,2025-07-31
3000053503,Heritage Health Insurance TPA pvt ltd,1836,0.0,51700.99,-,-,All,All,All,All Offices,2025-07-01,2025-07-31
3000053681,KFIN TECHNOLOGIES LIMITED,244800,0.0,8613657.8,-,-,All,All,All,All Offices,2025-07-01,2025-07-31
3000054541,Zorek Education Technologies Pvt Ltd,10,0.0,342.0,-,-,All,All,All,All Offices,2025-07-01,2025-07-31
3000055156,uniglow infotech,0,0.0,9252.0,-,-,All,All,All,All Offices,2025-07-01,2025-07-31
3000055803,POWERGEN,6,0.0,5204.6,-,-,All,All,All,All Offices,2025-07-01,2025-07-31
3000057732,M/S HEJ TECH (OPC) PRIVATE LIMITED,26,0.0,866.0,-,-,All,All,All,All Offices,2025-07-01,2025-07-31
3000058679,M/s Hinduja Leyland Finance,0,0.0,13829.6,-,-,All,All,All,All Offices,2025-07-01,2025-07-31
3000059110,GOLDEN COLLECTIONS,322,0.0,30374.2,-,-,All,All,All,All Offices,2025-07-01,2025-07-31
3000060471,M/s Council for the indian School Certificate Examination,1136,0.0,72601.4,-,-,All,All,All,All Offices,2025-07-01,2025-07-31
3000063379,"BANK OF BARODA, MARREDPALLY",860,0.0,0.0,-,-,All,All,All,All Offices,2025-07-01,2025-07-31
3000065514,SBI NRI HYDERABAD BRANCH-04071,120,0.0,1440.0,-,-,All,All,All,All Offices,2025-07-01,2025-07-31
3000065515,"SBI RBO Region-1, Banjara Hills-16552",322,0.0,12744.0,-,-,All,All,All,All Offices,2025-07-01,2025-07-31
3000065589,SWASTIK ENTERPRISES,44,0.0,1736.4,-,-,All,All,All,All Offices,2025-07-01,2025-07-31
3000066180,SBI RACPC LB NAGAR,496,0.0,29477.4,-,-,All,All,All,All Offices,2025-07-01,2025-07-31
3000067163,TELANGANA CONTRACTORS CULTURAL CLUB,21928,0.0,0.0,-,-,All,All,All,All Offices,2025-07-01,2025-07-31
4000039928,CHOLA MS GENERAL INS CO LTD,40,0.0,0.0,-,-,All,All,All,All Offices,2025-07-01,2025-07-31
4000039942,FAMILY HEALTH PLAN INSURANCE,0,0.0,27059.41,-,-,All,All,All,All Offices,2025-07-01,2025-07-31
4000040080,RTA MEDCHAL,12304,0.0,231627.21,-,-,All,All,All,All Offices,2025-07-01,2025-07-31
4000040086,SFIO,366,0.0,10137.2,-,-,All,All,All,All Offices,2025-07-01,2025-07-31
4000040090,LIC OF INDIA CHAITANYAPURI,124,0.0,3059.6,-,-,All,All,All,All Offices,2025-07-01,2025-07-31
4000040093,SBI RACP 1,588,0.0,62599.59,-,-,All,All,All,All Offices,2025-07-01,2025-07-31
4001634338,Lotus Law Associates,98,0.0,0.0,-,-,All,All,All,All Offices,2025-07-01,2025-07-31
4002069569,K GOUTAMI- SRI VINAYAKA COLLECTIONS,1514,0.0,37594.8,-,-,All,All,All,All Offices,2025-07-01,2025-07-31
4002327800,Pra-Jewels,682,0.0,20177.2,-,-,All,All,All,All Offices,2025-07-01,2025-07-31
5000002954,POWERGRID CORPORATION OF INDIA,294,0.0,44098.38,-,-,All,All,All,All Offices,2025-07-01,2025-07-31
5000002955,SBI,1358,0.0,26149.6,-,-,All,All,All,All Offices,2025-07-01,2025-07-31
5000002956,state bank of india,432,0.0,33016.0,-,-,All,All,All,All Offices,2025-07-01,2025-07-31
5000002971,LIC CITY BRANCH VI,114,0.0,520.0,-,-,All,All,All,All Offices,2025-07-01,2025-07-31
5000002976,LIC AMEERPET,50,0.0,1863.4,-,-,All,All,All,All Offices,2025-07-01,2025-07-31
5000002977,LIC OF INDIA CITY BRANCH-V,58,0.0,1016.0,-,-,All,All,All,All Offices,2025-07-01,2025-07-31
5000002978,LIC OF INDIA BASHIR BAGH,276,0.0,7542.8,-,-,All,All,All,All Offices,2025-07-01,2025-07-31
5000002979,LIC OF INDIA CITY BRANCH IX,212,0.0,1526.0,-,-,All,All,All,All Offices,2025-07-01,2025-07-31
5000002980,BHARATH DYNAMIC LTD,928,0.0,29598.09,-,-,All,All,All,All Offices,2025-07-01,2025-07-31
5000002982,SBI  GACHIBOWLI,1016,0.0,56682.81,-,-,All,All,All,All Offices,2025-07-01,2025-07-31
5000002984,LIC CITY BRACH-III,536,0.0,17935.6,-,-,All,All,All,All Offices,2025-07-01,2025-07-31
5000002985,"LIC, Himayathnagar",64,0.0,2124.0,-,-,All,All,All,All Offices,2025-07-01,2025-07-31
5000003003,OBC,138,0.0,4968.8,-,-,All,All,All,All Offices,2025-07-01,2025-07-31
5000003018,SBI PATNY,492,0.0,16549.2,-,-,All,All,All,All Offices,2025-07-01,2025-07-31
5000003020,LIC OF INDIA,268,0.0,94848.4,-,-,All,All,All,All Offices,2025-07-01,2025-07-31
5000003061,"LIC, Musheerabad",120,0.0,3016.0,-,-,All,All,All,All Offices,2025-07-01,2025-07-31
5000003063,Indian Oil Corp Ltd,806,0.0,63126.21,-,-,All,All,All,All Offices,2025-07-01,2025-07-31
5000003068,STATE BANK STAFF COLLEGE,100,0.0,4381.2,-,-,All,All,All,All Offices,2025-07-01,2025-07-31
5000005161,FCI,26,0.0,2171.8,-,-,All,All,All,All Offices,2025-07-01,2025-07-31
5000005358,DRC DEPT SBI,48,0.0,1501.8,-,-,All,All,All,All Offices,2025-07-01,2025-07-31
5000005359,LIC CB 13,302,0.0,0.0,-,-,All,All,All,All Offices,2025-07-01,2025-07-31
5000005521,M I D H A N I,350,0.0,24720.4,-,-,All,All,All,All Offices,2025-07-01,2025-07-31
5000005522,LIC CITY BRANCH-VII,174,0.0,1734.6,-,-,All,All,All,All Offices,2025-07-01,2025-07-31
5000005523,LIC CITY BRANCH 1,80,0.0,2894.0,-,-,All,All,All,All Offices,2025-07-01,2025-07-31
5000007636,M/S BEL,128,0.0,14351.8,-,-,All,All,All,All Offices,2025-07-01,2025-07-31
5000012358,"SBI, RBO DILSHUKNAGAR",592,0.0,11327.0,-,-,All,All,All,All Offices,2025-07-01,2025-07-31
5000012481,"SBI, LHO",3300,0.0,156201.39,-,-,All,All,All,All Offices,2025-07-01,2025-07-31
5000013132,Hindustan Petroleum Corporation Limited,640,0.0,31518.0,-,-,All,All,All,All Offices,2025-07-01,2025-07-31
5000013229,SBI Commercial Branch,146,0.0,4153.4,-,-,All,All,All,All Offices,2025-07-01,2025-07-31
5000013540,HMT,80,0.0,2591.2,-,-,All,All,All,All Offices,2025-07-01,2025-07-31
5000013923,State Bank of India SMECC,0,0.0,48534.01,-,-,All,All,All,All Offices,2025-07-01,2025-07-31
5000013924,"State Bank of India, LCPC",764,0.0,28530.4,-,-,All,All,All,All Offices,2025-07-01,2025-07-31
5000013970,Energy Efficiency Services Limited,146,0.0,12324.8,-,-,All,All,All,All Offices,2025-07-01,2025-07-31
5000014106,state bank of india,532,0.0,4947.6,-,-,All,All,All,All Offices,2025-07-01,2025-07-31
5000014171,SBI Regional manager,448,0.0,3188.0,-,-,All,All,All,All Offices,2025-07-01,2025-07-31
5000014290,"SBI,RBO,Himayathnagar",456,0.0,8098.8,-,-,All,All,All,All Offices,2025-07-01,2025-07-31
5000014879,"SBI,CAO, HYDERABAD",32,0.0,5150.4,-,-,All,All,All,All Offices,2025-07-01,2025-07-31
5000014883,State Bank OF India,208,0.0,12588.4,-,-,All,All,All,All Offices,2025-07-01,2025-07-31
5000015271,Hindustan Petroleum Corporation Limited,82,0.0,101202.79,-,-,All,All,All,All Offices,2025-07-01,2025-07-31
5000015485,LIC CITY BR-20,404,0.0,11365.6,-,-,All,All,All,All Offices,2025-07-01,2025-07-31
5000015649,INDIAN RAILWAY CATERING & TOURISM CORPN LTD,346,0.0,25199.8,-,-,All,All,All,All Offices,2025-07-01,2025-07-31
5000015816,DCB BANK LTD,8494,0.0,836946.82,-,-,All,All,All,All Offices,2025-07-01,2025-07-31
5000015910,ECGC LTD HYDERABAD,442,0.0,11456.0,-,-,All,All,All,All Offices,2025-07-01,2025-07-31
5000016125,Hindustan Petroleum Corporation Limited,30,0.0,5192.2,-,-,All,All,All,All Offices,2025-07-01,2025-07-31
5000016236,SBI RBO MADHAPUR,138,0.0,4374.8,-,-,All,All,All,All Offices,2025-07-01,2025-07-31
5000016330,National Fisheries Development Board,554,0.0,21796.6,-,-,All,All,All,All Offices,2025-07-01,2025-07-31
5000016424,UNITED INDIA INSURANCE CO.LTD,556,0.0,34406.99,-,-,All,All,All,All Offices,2025-07-01,2025-07-31
5000016522,STATE BANK OF INDIA ADMINISTRATIVE OFFICE,200,0.0,7719.0,-,-,All,All,All,All Offices,2025-07-01,2025-07-31
5000016942,"M/S LIC OF INDIA,CBXIV,TRIMULGHERRY",548,0.0,24339.8,-,-,All,All,All,All Offices,2025-07-01,2025-07-31
5000017079,"LIFE INSURANCE CORPORATION OF INDIA,CB-VIII",116,0.0,756.0,-,-,All,All,All,All Offices,2025-07-01,2025-07-31
5000017126,"M/S DCB BANK LIMITED, Regional Office",256,0.0,0.0,-,-,All,All,All,All Offices,2025-07-01,2025-07-31
5000017732,SBI Hyderabad Main Branch,628,0.0,7377.8,-,-,All,All,All,All Offices,2025-07-01,2025-07-31
5000017752,SBI RBO RAMACHANDRAPURAM,148,0.0,6582.8,-,-,All,All,All,All Offices,2025-07-01,2025-07-31
5000018000,"SBI, RP Road",226,0.0,7463.6,-,-,All,All,All,All Offices,2025-07-01,2025-07-31
5000018109,SBI RBO KUKATPALLY,230,0.0,4548.0,-,-,All,All,All,All Offices,2025-07-01,2025-07-31
6000002088,CONTROLLER OF EXAMINATION OU,7312,0.0,260833.6,-,-,All,All,All,All Offices,2025-07-01,2025-07-31
6000002120,CHIEF ENGINEER R&D,1056,0.0,66934.6,-,-,All,All,All,All Offices,2025-07-01,2025-07-31
6000002121,IRDAI,260,0.0,20590.0,-,-,All,All,All,All Offices,2025-07-01,2025-07-31
6000002123,RTA IBRAHIMPATNAM,23900,0.0,437438.6,-,-,All,All,All,All Offices,2025-07-01,2025-07-31
6000002127,RTA THIRUMALAGHEERY,5258,0.0,110293.79,-,-,All,All,All,All Offices,2025-07-01,2025-07-31
6000002131,RTA THOLICHOWKI,4018,0.0,104158.81,-,-,All,All,All,All Offices,2025-07-01,2025-07-31
6000002132,RTA NAGOLE,14730,0.0,194632.83,-,-,All,All,All,All Offices,2025-07-01,2025-07-31
6000002134,CONTROLLER OF COMMUNICATIONS,136,0.0,5549.0,-,-,All,All,All,All Offices,2025-07-01,2025-07-31
6000002135,IGNOU,232,0.0,4366.8,-,-,All,All,All,All Offices,2025-07-01,2025-07-31
6000002136,RTA KONDAPUR,12278,0.0,279798.44,-,-,All,All,All,All Offices,2025-07-01,2025-07-31
6000002141,DIRECTOR OF EVALUATION JNTU,3508,0.0,147924.26,-,-,All,All,All,All Offices,2025-07-01,2025-07-31
6000002143,ICFAI,526,0.0,5346.0,-,-,All,All,All,All Offices,2025-07-01,2025-07-31
6000002150,"Director, AP Forensic Science",2032,0.0,60985.81,-,-,All,All,All,All Offices,2025-07-01,2025-07-31
6000002151,DC OF COMMUNICATION ACCONTS,264,0.0,12449.4,-,-,All,All,All,All Offices,2025-07-01,2025-07-31
6000002156,DIRECTOR OF MEDICAL EDUCATION,1414,0.0,47176.0,-,-,All,All,All,All Offices,2025-07-01,2025-07-31
6000002157,RTA BAHADHURPURA,2546,0.0,49401.19,-,-,All,All,All,All Offices,2025-07-01,2025-07-31
6000002158,RTA MALAKPET,3194,0.0,85593.41,-,-,All,All,All,All Offices,2025-07-01,2025-07-31
6000002159,OFFICE OF THE REGISTRAR OF COM,510,0.0,18744.4,-,-,All,All,All,All Offices,2025-07-01,2025-07-31
6000002162,RTA SOMAJIGUDA,12134,0.0,322148.79,-,-,All,All,All,All Offices,2025-07-01,2025-07-31
6000002163,ADMINISTRATIVE STAFF COLLEGE,374,0.0,59751.2,-,-,All,All,All,All Offices,2025-07-01,2025-07-31
6000002165,IICT,408,0.0,15315.6,-,-,All,All,All,All Offices,2025-07-01,2025-07-31
6000002171,ALL INDIA RADIO,130,0.0,15992.6,-,-,All,All,All,All Offices,2025-07-01,2025-07-31
6000002174,REGIONAL PROVIDENT FUND,2292,0.0,13933.4,-,-,All,All,All,All Offices,2025-07-01,2025-07-31
6000002175,COMMISSIONER OF CENTRAL EXCISE,732,0.0,31328.4,-,-,All,All,All,All Offices,2025-07-01,2025-07-31
6000002176,DG OF FORENGIN TRADE,70,0.0,8888.2,-,-,All,All,All,All Offices,2025-07-01,2025-07-31
6000002177,PLANNING COMISSION(UIDAI),176,0.0,15046.4,-,-,All,All,All,All Offices,2025-07-01,2025-07-31
6000002179,RTA ATTAPUR,2866,0.0,44146.6,-,-,All,All,All,All Offices,2025-07-01,2025-07-31
6000002182,DIRECTOR GENERAL OF POLICE,2144,0.0,90950.78,-,-,All,All,All,All Offices,2025-07-01,2025-07-31
6000002183,WELFARE COMMISSIONER,130,0.0,6124.0,-,-,All,All,All,All Offices,2025-07-01,2025-07-31
6000004007,RTA UPPAL,18186,0.0,326522.23,-,-,All,All,All,All Offices,2025-07-01,2025-07-31
6000004008,DIRECTOR OF SE,2954,0.0,158427.99,-,-,All,All,All,All Offices,2025-07-01,2025-07-31
6000004278,RTA Kukatpally,6132,0.0,168219.6,-,-,All,All,All,All Offices,2025-07-01,2025-07-31
6000011595,SBTET,302,0.0,10722.8,-,-,All,All,All,All Offices,2025-07-01,2025-07-31
6000011813,Board of Intermediate Education,484,0.0,20858.2,-,-,All,All,All,All Offices,2025-07-01,2025-07-31
6000012213,Director of Govt Exams (Outward Mail),25948,0.0,141081.0,-,-,All,All,All,All Offices,2025-07-01,2025-07-31
6000014340,Director of Drugs Control,210,0.0,8778.6,-,-,All,All,All,All Offices,2025-07-01,2025-07-31
6000014343,M/S INDUSIND BANK LTD,1746,0.0,70061.0,-,-,All,All,All,All Offices,2025-07-01,2025-07-31
6000014672,CCLA-Telangana State Technology ser ltd,23926,0.0,3181855.71,-,-,All,All,All,All Offices,2025-07-01,2025-07-31
6000014850,OSMANIA MEDICAL COLLEGE,70,0.0,8042.0,-,-,All,All,All,All Offices,2025-07-01,2025-07-31
6000015283,TELANGANA STATE DENTAL COUNCIL,320,0.0,0.0,-,-,All,All,All,All Offices,2025-07-01,2025-07-31
6000015722,PVNR TELANGANA VETERINARY UNIVERSITY,82,0.0,2380.0,-,-,All,All,All,All Offices,2025-07-01,2025-07-31
6000015772,"THE CEO, TELANGANA STATE WAQF BOARD",268,0.0,14548.8,-,-,All,All,All,All Offices,2025-07-01,2025-07-31
6000016823,M/S TELANGANA REAL ESTATE REGULATORY AUTHORITY,1556,0.0,42628.41,-,-,All,All,All,All Offices,2025-07-01,2025-07-31
6000018011,COMM AND DIR OF AGRICULTURE,702,0.0,23035.17,-,-,All,All,All,All Offices,2025-07-01,2025-07-31
3000012688,MITHRA AGENCIES,40,0.0,8910.0,-,-,All,All,All,All Offices,2025-07-01,2025-07-31
3000040813,Adhira communications Pvt Ltd,20,0.0,0.0,-,-,All,All,All,All Offices,2025-07-01,2025-07-31
5000005459,SBH TRADE FINANCE CENTRAL,108,0.0,2514.0,-,-,All,All,All,All Offices,2025-07-01,2025-07-31
5000018391,SBI Region IV,112,0.0,3149.6,-,-,All,All,All,All Offices,2025-07-01,2025-07-31
6000002161,TS INFORMATION COMMISSION,6776,0.0,196309.79,-,-,All,All,All,All Offices,2025-07-01,2025-07-31
6000003687,Centre for Distance Education,42,0.0,0.0,-,-,All,All,All,All Offices,2025-07-01,2025-07-31
1000081546,AARUSH INFOTECH,6,0.0,660.0,-,-,All,All,All,All Offices,2025-07-01,2025-07-31
3000060480,M/s Shanti and Shanti Homeopaths,2,0.0,0.0,-,-,All,All,All,All Offices,2025-07-01,2025-07-31
5000018365,EPFO-RO-Banjara Hills,480,0.0,20574.4,-,-,All,All,All,All Offices,2025-07-01,2025-07-31
6000018018,Telangana Medical Council,3336,0.0,51920.4,-,-,All,All,All,All Offices,2025-07-01,2025-07-31
2000001656,ADDL COMMISSIONER OF IT GAGANV,0,0.0,1488.0,-,-,All,All,All,All Offices,2025-07-01,2025-07-31
3000032969,BR Mart Connect Projects,576,0.0,17980.0,-,-,All,All,All,All Offices,2025-07-01,2025-07-31
1253105687,CBI ACB HYDERABAD,12,0.0,0.0,-,-,All,All,All,All Offices,2025-07-01,2025-07-31
2000010193,"Pr, commissiner of income tax(ReAC)-1",2,0.0,0.0,-,-,All,All,All,All Offices,2025-07-01,2025-07-31
2000011782,EPIC,4828,0.0,0.0,-,-,All,All,All,All Offices,2025-07-01,2025-07-31
3000012703,TM INPUTS AND SERVICES PVT LTD,2,0.0,0.0,-,-,All,All,All,All Offices,2025-07-01,2025-07-31
3000025703,DENTAL PULSE ACADEMY,28,0.0,0.0,-,-,All,All,All,All Offices,2025-07-01,2025-07-31
3000040316,Sai Medha Coaching Center,22,0.0,0.0,-,-,All,All,All,All Offices,2025-07-01,2025-07-31
3000045577,ISEKAI LABS LLP,196,0.0,0.0,-,-,All,All,All,All Offices,2025-07-01,2025-07-31
6000002133,DIRECTOR FOR GOVT EXAMINATION SSC,32,0.0,0.0,-,-,All,All,All,All Offices,2025-07-01,2025-07-31
6000002153,STATE COUNCIL OF HIGHER EDUCAT,2,0.0,0.0,-,-,All,All,All,All Offices,2025-07-01,2025-07-31
6000002181,ACCTS OFFICER,2,0.0,0.0,-,-,All,All,All,All Offices,2025-07-01,2025-07-31
1000002954,Amazon Seller Services,17451,0.0,1223667.45,-,-,All,All,All,All Offices,2025-07-01,2025-07-31
51348,Balu Herbals,34,0.0,106.2,-,-,All,All,All,All Offices,2025-07-01,2025-07-31
52113,Hemanth Enterprises,1,0.0,472.0,-,-,All,All,All,All Offices,2025-07-01,2025-07-31
52587,Sri Sai Marketing,1225,0.0,42787.5,-,-,All,All,All,All Offices,2025-07-01,2025-07-31
52774,Life Line Teleshopping,0,0.0,3368.9,-,-,All,All,All,All Offices,2025-07-01,2025-07-31
52969,DR Enterprises,205,0.0,29197.38,-,-,All,All,All,All Offices,2025-07-01,2025-07-31
54080,Amma Ayurveda Marketers,61,0.0,295.0,-,-,All,All,All,All Offices,2025-07-01,2025-07-31
54913,Samraksha Traders,67,0.0,5691.61,-,-,All,All,All,All Offices,2025-07-01,2025-07-31
82844,Nucleonix Systems Pvt Ltd,56,0.0,14059.2,-,-,All,All,All,All Offices,2025-07-01,2025-07-31
84214,Hyderabad Reprographics P Ltd,1,0.0,1668.52,-,-,All,All,All,All Offices,2025-07-01,2025-07-31
2000010255,Sr. Administrative Officer,0,0.0,7929.6,-,-,All,All,All,All Offices,2025-07-01,2025-07-31
2000010275,Manuu D D E,5684,0.0,350629.34,-,-,All,All,All,All Offices,2025-07-01,2025-07-31
2000010892,BDL,2,0.0,654.99,-,-,All,All,All,All Offices,2025-07-01,2025-07-31
2000011009,ICAR-IIRR,47,0.0,27558.91,-,-,All,All,All,All Offices,2025-07-01,2025-07-31
2000012352,Bureau Of Indian Standards,162,0.0,58022.44,-,-,All,All,All,All Offices,2025-07-01,2025-07-31
3000037922,Emesco Books,2,0.0,2170.29,-,-,All,All,All,All Offices,2025-07-01,2025-07-31
3000037926,Yk Laboratories,8,0.0,537.0,-,-,All,All,All,All Offices,2025-07-01,2025-07-31
3000037930,He Technocrats,4,0.0,1818.98,-,-,All,All,All,All Offices,2025-07-01,2025-07-31
3000037936,Goverdhan Handlooms,47,0.0,12321.88,-,-,All,All,All,All Offices,2025-07-01,2025-07-31
3000037973,ICFAI University,389,0.0,0.0,-,-,All,All,All,All Offices,2025-07-01,2025-07-31
3000038300,Vodafone Idea Ltd,406,0.0,55806.61,-,-,All,All,All,All Offices,2025-07-01,2025-07-31
3000039173,J&J Dechane Laboratories,14,0.0,1528.54,-,-,All,All,All,All Offices,2025-07-01,2025-07-31
3000039992,Indian Academy Of Competitive Exams Pvt Ltd,7,0.0,717.23,-,-,All,All,All,All Offices,2025-07-01,2025-07-31
3000040104,Bhagya Laxmi Handlooms,2,0.0,3195.98,-,-,All,All,All,All Offices,2025-07-01,2025-07-31
3000042595,Vachaspathi Vaidika Samsthapanam,134,0.0,3599.59,-,-,All,All,All,All Offices,2025-07-01,2025-07-31
3000045165,Her Choices Trust,12,0.0,0.0,-,-,All,All,All,All Offices,2025-07-01,2025-07-31
3000048210,Ace Engineering Publications,1005,0.0,621404.21,-,-,All,All,All,All Offices,2025-07-01,2025-07-31
3000048270,Hasya Traders,88,0.0,5783.17,-,-,All,All,All,All Offices,2025-07-01,2025-07-31
3000048458,Life Guard Medicals,6,0.0,0.0,-,-,All,All,All,All Offices,2025-07-01,2025-07-31
3000048545,Varalaxmi Silks,90,0.0,9518.75,-,-,All,All,All,All Offices,2025-07-01,2025-07-31
3000049070,Sri Vijaya Scientifics,12,0.0,0.0,-,-,All,All,All,All Offices,2025-07-01,2025-07-31
3000049218,Nehasri Fabrics,97,0.0,18104.51,-,-,All,All,All,All Offices,2025-07-01,2025-07-31
3000049219,Perfect Management Services,584,0.0,24855.19,-,-,All,All,All,All Offices,2025-07-01,2025-07-31
3000049433,Varalaxmi Enterprises,94,0.0,9796.56,-,-,All,All,All,All Offices,2025-07-01,2025-07-31
3000049664,National Inst Of Agriculture Extension(Manage),122,0.0,0.0,-,-,All,All,All,All Offices,2025-07-01,2025-07-31
3000050282,Fragile Software P.Ltd,0,0.0,732.81,-,-,All,All,All,All Offices,2025-07-01,2025-07-31
3000050516,Saileela Store,22,0.0,3016.74,-,-,All,All,All,All Offices,2025-07-01,2025-07-31
3000050517,Saileela Store,18,0.0,1498.72,-,-,All,All,All,All Offices,2025-07-01,2025-07-31
3000050518,BSP Books Pvt Ltd,34,0.0,6396.77,-,-,All,All,All,All Offices,2025-07-01,2025-07-31
3000050602,Thg Publishing Private Limited,224,0.0,17829.64,-,-,All,All,All,All Offices,2025-07-01,2025-07-31
3000050620,The Gideons Internationals In India,94,0.0,9765.03,-,-,All,All,All,All Offices,2025-07-01,2025-07-31
3000050632,Suyogg Export And Imports,31,0.0,11973.26,-,-,All,All,All,All Offices,2025-07-01,2025-07-31
3000050768,RK Collections,254,0.0,40512.1,-,-,All,All,All,All Offices,2025-07-01,2025-07-31
3000050801,Shah Book House Pvt Ltd,14,0.0,3241.96,-,-,All,All,All,All Offices,2025-07-01,2025-07-31
3000051073,Unified Council Edu Services Pvt Ltd,16,0.0,0.0,-,-,All,All,All,All Offices,2025-07-01,2025-07-31
3000051099,Lilmunchkin Bookery,8,0.0,0.0,-,-,All,All,All,All Offices,2025-07-01,2025-07-31
3000051187,Radha Krishna Enterprises,0,0.0,1632.98,-,-,All,All,All,All Offices,2025-07-01,2025-07-31
3000051501,pavan kumar akella,11,0.0,2241.13,-,-,All,All,All,All Offices,2025-07-01,2025-07-31
3000051704,Nagina Industrial Corporation,25,0.0,15306.91,-,-,All,All,All,All Offices,2025-07-01,2025-07-31
3000052064,Suyogg Export And Imports,111,0.0,3234.13,-,-,All,All,All,All Offices,2025-07-01,2025-07-31
3000052271,Telangana Medical And Sales,49,0.0,1008.9,-,-,All,All,All,All Offices,2025-07-01,2025-07-31
3000052273,Telangana Medical And Sales,0,0.0,188.0,-,-,All,All,All,All Offices,2025-07-01,2025-07-31
3000052487,Unified Council Edu Services Pvt Ltd,120,0.0,2807.86,-,-,All,All,All,All Offices,2025-07-01,2025-07-31
3000052559,CENTRAL BOOK SHOP,62,0.0,45492.4,-,-,All,All,All,All Offices,2025-07-01,2025-07-31
3000052665,Arrow Publications Private Limited,178,0.0,51260.57,-,-,All,All,All,All Offices,2025-07-01,2025-07-31
3000053284,ALIF THE BOOK STORE,46,0.0,6340.77,-,-,All,All,All,All Offices,2025-07-01,2025-07-31
3000053341,SRIDEVI HANDLOOMS,16,0.0,9383.09,-,-,All,All,All,All Offices,2025-07-01,2025-07-31
3000053403,ALIF BOOK STORE,25,0.0,1705.74,-,-,All,All,All,All Offices,2025-07-01,2025-07-31
3000053492,PF FASHION JEWELLERY,762,0.0,40072.46,-,-,All,All,All,All Offices,2025-07-01,2025-07-31
3000053559,HAPPY HERBALS,106,0.0,9447.51,-,-,All,All,All,All Offices,2025-07-01,2025-07-31
3000053567,KARKHAN ZINDA TILISMATH,0,0.0,1168.2,-,-,All,All,All,All Offices,2025-07-01,2025-07-31
3000053747,Mayleen Nutricare Pvt Ltd,1728,0.0,398063.84,-,-,All,All,All,All Offices,2025-07-01,2025-07-31
3000053827,Varalaxmi Enterprises,21,0.0,1133.18,-,-,All,All,All,All Offices,2025-07-01,2025-07-31
3000053849,MANJEWL COLLECTIONS,41,0.0,3178.97,-,-,All,All,All,All Offices,2025-07-01,2025-07-31
3000053861,ZAARA DESIGNER JEWLLERY (MD AMJED),4337,0.0,131160.48,-,-,All,All,All,All Offices,2025-07-01,2025-07-31
3000053947,LUCENTIK PRIVATE LIMITED,584,0.0,65266.78,-,-,All,All,All,All Offices,2025-07-01,2025-07-31
3000053972,SRI RENUKA MARKETING,20,0.0,14101.43,-,-,All,All,All,All Offices,2025-07-01,2025-07-31
3000054067,SREE MAHALAXMI SILKS,23,0.0,8446.43,-,-,All,All,All,All Offices,2025-07-01,2025-07-31
3000054642,SRI MUDHRA SAREES,0,0.0,94.4,-,-,All,All,All,All Offices,2025-07-01,2025-07-31
4001427714,Sateesh Academy,10,0.0,917.98,-,-,All,All,All,All Offices,2025-07-01,2025-07-31
4001720572,Org Gardener,61,0.0,15610.16,-,-,All,All,All,All Offices,2025-07-01,2025-07-31
5000016092,Thg Publishing Private Limited,1387,0.0,123213.76,-,-,All,All,All,All Offices,2025-07-01,2025-07-31
6000015642,RNTC Joint Director,1636,0.0,571377.48,-,-,All,All,All,All Offices,2025-07-01,2025-07-31
4001789047,SANDEEP,65,0.0,2738.19,-,-,All,All,All,All Offices,2025-07-01,2025-07-31
3000055954,Carry Wrap,113,0.0,22445.27,-,-,All,All,All,All Offices,2025-07-01,2025-07-31
3000056126,GOWDURBAR PRODUCTS PRIVATE LIMITED,0,0.0,153513.5,-,-,All,All,All,All Offices,2025-07-01,2025-07-31
3000056251,KAILASH MEDICAL HALL,24,0.0,1048.98,-,-,All,All,All,All Offices,2025-07-01,2025-07-31
55209,BANDI APARNA,18,0.0,3243.78,-,-,All,All,All,All Offices,2025-07-01,2025-07-31
54485,KESAN NOVUS,401,0.0,26280.52,-,-,All,All,All,All Offices,2025-07-01,2025-07-31
4001818450,Org Gardener,28,0.0,1151.66,-,-,All,All,All,All Offices,2025-07-01,2025-07-31
4001821120,KS AARI WORKS,115,0.0,2934.91,-,-,All,All,All,All Offices,2025-07-01,2025-07-31
3000056834,PINKNBLUEE,253,0.0,20049.02,-,-,All,All,All,All Offices,2025-07-01,2025-07-31
3000039026,G Ramireddy,0,0.0,30662.3,-,-,All,All,All,All Offices,2025-07-01,2025-07-31
3000057264,Kameshwari e services Pvt. Ltd,56,0.0,3291.46,-,-,All,All,All,All Offices,2025-07-01,2025-07-31
3000057726,M/S EMMADI RAJAIAH ROCKWELLS,3,0.0,0.0,-,-,All,All,All,All Offices,2025-07-01,2025-07-31
55757,Herbx Enterprises,801,0.0,42266.39,-,-,All,All,All,All Offices,2025-07-01,2025-07-31
55836,Jhansi Leather,4,0.0,69.99,-,-,All,All,All,All Offices,2025-07-01,2025-07-31
55846,M/s Balla Hemanth,173,0.0,18478.44,-,-,All,All,All,All Offices,2025-07-01,2025-07-31
4001878093,AQUATIC COLLECTIONS,0,0.0,3445.74,-,-,All,All,All,All Offices,2025-07-01,2025-07-31
3000058835,RV COLLECTIONS,0,0.0,30045.06,-,-,All,All,All,All Offices,2025-07-01,2025-07-31
56157,DR ENTERPRISES,471,0.0,57042.39,-,-,All,All,All,All Offices,2025-07-01,2025-07-31
3000059238,VK JEWELERY,0,0.0,495.96,-,-,All,All,All,All Offices,2025-07-01,2025-07-31
3000059426,PARAMITHA CHILDREN'S HOSPITAL PVT LTD,56,0.0,1810.89,-,-,All,All,All,All Offices,2025-07-01,2025-07-31
56244,Chitukula Lavanya,35,0.0,4643.66,-,-,All,All,All,All Offices,2025-07-01,2025-07-31
3000059719,11 Dots Studio,19,0.0,1025.98,-,-,All,All,All,All Offices,2025-07-01,2025-07-31
78101,Taxform Enterprises,77,0.0,18429.84,-,-,All,All,All,All Offices,2025-07-01,2025-07-31
4001914131,SRESHTA COLLECTION,37,0.0,41652.75,-,-,All,All,All,All Offices,2025-07-01,2025-07-31
56604,Raju Herbals,958,0.0,44034.18,-,-,All,All,All,All Offices,2025-07-01,2025-07-31
3000060757,Anagha Enterprises,1,0.0,0.0,-,-,All,All,All,All Offices,2025-07-01,2025-07-31
3000060874,BSG GARMENTS,66,0.0,5153.93,-,-,All,All,All,All Offices,2025-07-01,2025-07-31
3000060875,BSG GARMENTS,47,0.0,6468.37,-,-,All,All,All,All Offices,2025-07-01,2025-07-31
3000060859,MOTO LEGACY PVT LTD,69,0.0,9155.65,-,-,All,All,All,All Offices,2025-07-01,2025-07-31
3000061104,CHANDANA COLLECTIONS,227,0.0,12859.82,-,-,All,All,All,All Offices,2025-07-01,2025-07-31
56927,Javvaji Pravalika,0,0.0,5115.3,-,-,All,All,All,All Offices,2025-07-01,2025-07-31
56952,TBH enterprises,56,0.0,4726.58,-,-,All,All,All,All Offices,2025-07-01,2025-07-31
56969,M SUNITHA,123,0.0,3538.42,-,-,All,All,All,All Offices,2025-07-01,2025-07-31
3000061254,Tirumal classes,1,0.0,0.0,-,-,All,All,All,All Offices,2025-07-01,2025-07-31
56973,KS ASTROPATH,10,0.0,1217.86,-,-,All,All,All,All Offices,2025-07-01,2025-07-31
57115,Kennis Uniform Pvt Ltd,41,0.0,0.0,-,-,All,All,All,All Offices,2025-07-01,2025-07-31
57119,Kennis Uniform Pvt Ltd,240,0.0,35758.49,-,-,All,All,All,All Offices,2025-07-01,2025-07-31
3000061606,RADIANT CASH MANAGEMENT SERVICES LTD,59,0.0,5782.97,-,-,All,All,All,All Offices,2025-07-01,2025-07-31
3000061605,RADIANT CASH MANAGEMENT SERVICES LTD,190,0.0,26124.84,-,-,All,All,All,All Offices,2025-07-01,2025-07-31
3000062185,Bhaama Fashion India Pvt Ltd,49,0.0,5991.24,-,-,All,All,All,All Offices,2025-07-01,2025-07-31
57264,Madi Reddy Mounika Reddy,1710,0.0,149270.9,-,-,All,All,All,All Offices,2025-07-01,2025-07-31
57265,Jewel Planet,100,0.0,4220.09,-,-,All,All,All,All Offices,2025-07-01,2025-07-31
3000062575,Chitti collections,103,0.0,11398.36,-,-,All,All,All,All Offices,2025-07-01,2025-07-31
3000062576,Chitti collections,62,0.0,3688.05,-,-,All,All,All,All Offices,2025-07-01,2025-07-31
3000062741,FORTUNAPIX PVT LTD,3,0.0,1049.97,-,-,All,All,All,All Offices,2025-07-01,2025-07-31
3000063249,Raj Kamal NX,159,0.0,13765.52,-,-,All,All,All,All Offices,2025-07-01,2025-07-31
57739,Nalla Malla Reddy,0,0.0,3299.28,-,-,All,All,All,All Offices,2025-07-01,2025-07-31
57659,M/s Anagha Enterprises,18,0.0,51580.78,-,-,All,All,All,All Offices,2025-07-01,2025-07-31
5000017769,M/s Bank of Maharashtra,39,0.0,485.29,-,-,All,All,All,All Offices,2025-07-01,2025-07-31
57844,GOWDURBAR NATURAL PRODUCTS,3362,0.0,311640.42,-,-,All,All,All,All Offices,2025-07-01,2025-07-31
57971,INDLAMURI MOUNIKA,2,0.0,0.0,-,-,All,All,All,All Offices,2025-07-01,2025-07-31
57972,M/S PUNNA RAJINI,1833,0.0,30294.51,-,-,All,All,All,All Offices,2025-07-01,2025-07-31
3000063645,KAILASH MEDICAL HALL,7,0.0,0.0,-,-,All,All,All,All Offices,2025-07-01,2025-07-31
58068,SWETHA COMPUTERS BAZAR,19,0.0,6313.35,-,-,All,All,All,All Offices,2025-07-01,2025-07-31
58069,UPPULA RAVALI,119,0.0,8979.29,-,-,All,All,All,All Offices,2025-07-01,2025-07-31
58160,Sakura Organics,1248,0.0,33155.27,-,-,All,All,All,All Offices,2025-07-01,2025-07-31
3000064175,ROCHISHMATI HOSPITALS PVT LTD,40,0.0,2416.84,-,-,All,All,All,All Offices,2025-07-01,2025-07-31
58288,AMERICA CARE PVT LTD,15,0.0,1570.22,-,-,All,All,All,All Offices,2025-07-01,2025-07-31
3000064651,ESTEEM TRADERS,6,0.0,895.95,-,-,All,All,All,All Offices,2025-07-01,2025-07-31
58376,M/S Chamundeswari Gorentla,334,0.0,24363.93,-,-,All,All,All,All Offices,2025-07-01,2025-07-31
3000065731,HARE KRISHNA MOVEMENT HYDERABAD,1780,0.0,20539.02,-,-,All,All,All,All Offices,2025-07-01,2025-07-31
59118,PRIYAS AQUA RO WATER SOLUTIONS,18,0.0,3890.65,-,-,All,All,All,All Offices,2025-07-01,2025-07-31
3000066322,SRI SAI DRY FRUITS & ORGANICS,1,0.0,147.5,-,-,All,All,All,All Offices,2025-07-01,2025-07-31
3000066321,SRI SAI DRY FRUITS & ORGANICS,1,0.0,0.0,-,-,All,All,All,All Offices,2025-07-01,2025-07-31
3000066257,BCCA EDUCATIONAL SERVICES PVT LTD,395,0.0,57493.4,-,-,All,All,All,All Offices,2025-07-01,2025-07-31
3000066231,BCCA EDUCATIONAL SERVICES PVT LTD,0,0.0,106.0,-,-,All,All,All,All Offices,2025-07-01,2025-07-31
3000066558,BOOKS OCEAN,4,0.0,0.0,-,-,All,All,All,All Offices,2025-07-01,2025-07-31
3000066559,BOOKS OCEAN,4,0.0,0.0,-,-,All,All,All,All Offices,2025-07-01,2025-07-31
4002211282,SAMA NAGALATHA,1200,0.0,91248.31,-,-,All,All,All,All Offices,2025-07-01,2025-07-31
59288,BINGI BHANUPRIYA (SHAURYA-COLLECTIONS),342,0.0,38468.01,-,-,All,All,All,All Offices,2025-07-01,2025-07-31
59223,BOMMAKANTI SHIRISHA,687,0.0,13043.07,-,-,All,All,All,All Offices,2025-07-01,2025-07-31
59335,GORIGE INDIRAMMA,2,0.0,405.98,-,-,All,All,All,All Offices,2025-07-01,2025-07-31
3000067247,SRI KRISHNA ENTERPRISES,6,0.0,1053.22,-,-,All,All,All,All Offices,2025-07-01,2025-07-31
59486,BATHULA MADHURI (MAGUVA COLLECTIONS),410,0.0,50102.15,-,-,All,All,All,All Offices,2025-07-01,2025-07-31
2000014441,NIPHM(NATIONAL INSTITUTE OF PLANT HEALTH MANAMENT,0,0.0,921.58,-,-,All,All,All,All Offices,2025-07-01,2025-07-31
3000067274,MESCO,4,0.0,6410.93,-,-,All,All,All,All Offices,2025-07-01,2025-07-31
59570,UNNATI SILK PRINTS PVT LTD,0,0.0,401.2,-,-,All,All,All,All Offices,2025-07-01,2025-07-31
59581,KRANTHI SURGICALS,15,0.0,910.39,-,-,All,All,All,All Offices,2025-07-01,2025-07-31
3000067691,CREATIONS OVERSEAS,72,0.0,0.0,-,-,All,All,All,All Offices,2025-07-01,2025-07-31
59663,KETHAN PHARMA DISTRIBUTORS,1,0.0,151.97,-,-,All,All,All,All Offices,2025-07-01,2025-07-31
59664,KETHAN PHARMA DISTRIBUTORS,3,0.0,0.0,-,-,All,All,All,All Offices,2025-07-01,2025-07-31
3000068420,NEW ENERGY CREATINKK LLP,0,0.0,7764.4,-,-,All,All,All,All Offices,2025-07-01,2025-07-31
3000068421,NEW ENERGY CREATINKK LLP,13,0.0,1657.07,-,-,All,All,All,All Offices,2025-07-01,2025-07-31
4002327778,Charitha Fashion Jewellery,140,0.0,5788.26,-,-,All,All,All,All Offices,2025-07-01,2025-07-31
3000069109,AIKYA FOUNDATION,155,0.0,1410.92,-,-,All,All,All,All Offices,2025-07-01,2025-07-31
4002338706,LAXMI COLLECTIONS,254,0.0,19561.2,-,-,All,All,All,All Offices,2025-07-01,2025-07-31
60464,NAVARANGI CREATIONS LLP,19,0.0,1026.84,-,-,All,All,All,All Offices,2025-07-01,2025-07-31
60524,FASHION PASSION,8,0.0,401.97,-,-,All,All,All,All Offices,2025-07-01,2025-07-31
3000069522,RANKGURU TECHNOLOGY PRIVATE LIMITED,218,0.0,76677.18,-,-,All,All,All,All Offices,2025-07-01,2025-07-31
4002354751,KAMEPALLI JYOTSNADEVI C/O RJKV YOUTUBE CHANNEL,293,0.0,8941.3,-,-,All,All,All,All Offices,2025-07-01,2025-07-31
60603,Carry Wrap,11,0.0,40.99,-,-,All,All,All,All Offices,2025-07-01,2025-07-31
60601,KANAIAH (TRIPURA COLLECTION),183,0.0,20856.78,-,-,All,All,All,All Offices,2025-07-01,2025-07-31
3000069680,RANKGURU TECHNOLOGY PRIVATE LIMITED,0,0.0,25033.7,-,-,All,All,All,All Offices,2025-07-01,2025-07-31
60526,DIAMOND SILVER LEAFS,3,0.0,278.3,-,-,All,All,All,All Offices,2025-07-01,2025-07-31
3000070517,SRI LAXMI COLLECTIONS,317,0.0,50796.93,-,-,All,All,All,All Offices,2025-07-01,2025-07-31
61168,VENKATA LAKSHMI JEWELLERS,0,0.0,677.78,-,-,All,All,All,All Offices,2025-07-01,2025-07-31
3000070813,IRISE PUBLISHERS,164,0.0,12582.71,-,-,All,All,All,All Offices,2025-07-01,2025-07-31
1621224242,LOKASANI PADMA REDDY ORGANICS,11,0.0,0.0,-,-,All,All,All,All Offices,2025-07-01,2025-07-31
1634671503,SATYABAMA,53,0.0,0.0,-,-,All,All,All,All Offices,2025-07-01,2025-07-31
1926867589,HERBSPRO INDIA PRIVATE LIMITED,8,0.0,0.0,-,-,All,All,All,All Offices,2025-07-01,2025-07-31
1457774239,Millet Mantra,34,0.0,0.0,-,-,All,All,All,All Offices,2025-07-01,2025-07-31
1365797223,Sreemahalakshmi deity vastram,12,0.0,0.0,-,-,All,All,All,All Offices,2025-07-01,2025-07-31
